-- Trabajo práctico n° 6

-- DEPARTAMENTOS
INSERT INTO DEPARTAMENTOS (CODIGO, NOMBRE, DIRECCION, TELEFONO, WEB, FECHA_CREACION) VALUES
	(1, 'Departamento de Informatica', 'Tacuari y Kolping', '03752-438677', 'informatica.isvd.edu.ar', '1998-03-13');
INSERT INTO DEPARTAMENTOS (CODIGO, NOMBRE, DIRECCION, TELEFONO, WEB, FECHA_CREACION) VALUES
	(2, 'Departamento de Administracion', 'Tacuari y Kolping', '03752-438677', NULL, '1997-02-05');
INSERT INTO DEPARTAMENTOS (CODIGO, NOMBRE, DIRECCION, TELEFONO, WEB, FECHA_CREACION) VALUES
	(3, 'Departamento de Turismo', 'Tacuari y Kolping', '03752-438677', NULL, '1998-03-13');
INSERT INTO DEPARTAMENTOS (CODIGO, NOMBRE, DIRECCION, TELEFONO, WEB, FECHA_CREACION) VALUES
	(4, 'Departamento de Medicina', 'Lopez y Planes y Jaureche', '03752-438677', NULL, '2009-09-25');
INSERT INTO DEPARTAMENTOS (CODIGO, NOMBRE, DIRECCION, TELEFONO, WEB, FECHA_CREACION) VALUES
	(5, 'Departamento de Comercio Exterior', 'Tacuari y Kolping', '03752-438677', NULL, '1999-06-30');
INSERT INTO DEPARTAMENTOS (CODIGO, NOMBRE, DIRECCION, TELEFONO, WEB, FECHA_CREACION) VALUES
	(6, 'Ministerio de la Magia', 'miles de metros bajo Londres', '', NULL, '1980-08-17');


-- PROFESORES
INSERT INTO PROFESORES (NRP, NOMBRE, APELLIDO1, APELLIDO2, DEPARTAMENTO, FECHA_NACIMIENTO, ANTIGUEDAD) VALUES
	(1, 'Jorge Jose', 'Lermen', NULL, 1, '1979-11-07', '1998-02-15');
INSERT INTO PROFESORES (NRP, NOMBRE, APELLIDO1, APELLIDO2, DEPARTAMENTO, FECHA_NACIMIENTO, ANTIGUEDAD) VALUES
	(2, 'Maria Viviana', 'Veler', NULL, 1, '1979-03-30', '2000-04-03');
INSERT INTO PROFESORES (NRP, NOMBRE, APELLIDO1, APELLIDO2, DEPARTAMENTO, FECHA_NACIMIENTO, ANTIGUEDAD) VALUES
	(3, 'Robert', 'De La Cruz', NULL, 1, '1960-05-16', '2008-07-31');
INSERT INTO PROFESORES (NRP, NOMBRE, APELLIDO1, APELLIDO2, DEPARTAMENTO, FECHA_NACIMIENTO, ANTIGUEDAD) VALUES
	(4, 'Gabriela', 'Frias', NULL, 2, '1980-06-25', '2004-04-15');
INSERT INTO PROFESORES (NRP, NOMBRE, APELLIDO1, APELLIDO2, DEPARTAMENTO, FECHA_NACIMIENTO, ANTIGUEDAD) VALUES
	(5, 'Claudia', 'Palacios', NULL, 2, '1980-10-30', '1999-06-05');
INSERT INTO PROFESORES (NRP, NOMBRE, APELLIDO1, APELLIDO2, DEPARTAMENTO, FECHA_NACIMIENTO, ANTIGUEDAD) VALUES
	(6, 'Alberto', 'Padilla', 'Padilla', 2, '1970-12-21', '2001-12-21');
INSERT INTO PROFESORES (NRP, NOMBRE, APELLIDO1, APELLIDO2, DEPARTAMENTO, FECHA_NACIMIENTO, ANTIGUEDAD) VALUES
	(7, 'Jorge', 'Posdeley', NULL, 3, '1969-09-14', '1998-03-13');
INSERT INTO PROFESORES (NRP, NOMBRE, APELLIDO1, APELLIDO2, DEPARTAMENTO, FECHA_NACIMIENTO, ANTIGUEDAD) VALUES
	(8, 'Nicholas', 'Cage', NULL, 3, '1971-11-29', '1999-12-30');
INSERT INTO PROFESORES (NRP, NOMBRE, APELLIDO1, APELLIDO2, DEPARTAMENTO, FECHA_NACIMIENTO, ANTIGUEDAD) VALUES
	(9, 'Joseph', 'Razzinger', NULL, 3, '1942-03-12', '2005-05-03');
INSERT INTO PROFESORES (NRP, NOMBRE, APELLIDO1, APELLIDO2, DEPARTAMENTO, FECHA_NACIMIENTO, ANTIGUEDAD) VALUES
	(10, 'Rene', 'Favaloro', NULL, 4, '1961-10-21', '2002-11-20');
INSERT INTO PROFESORES (NRP, NOMBRE, APELLIDO1, APELLIDO2, DEPARTAMENTO, FECHA_NACIMIENTO, ANTIGUEDAD) VALUES
	(11, 'Frida', 'Kahlo', 'Calderon', 4, '1953-12-30', '1999-06-12');
INSERT INTO PROFESORES (NRP, NOMBRE, APELLIDO1, APELLIDO2, DEPARTAMENTO, FECHA_NACIMIENTO, ANTIGUEDAD) VALUES
	(12, 'Emiliano', 'Zapata', NULL, 4, '1958-08-04', '2006-03-04');
INSERT INTO PROFESORES (NRP, NOMBRE, APELLIDO1, APELLIDO2, DEPARTAMENTO, FECHA_NACIMIENTO, ANTIGUEDAD) VALUES
	(13, 'Peter', 'Gabriel', NULL, 5, '1964-09-10', '2003-10-20');
INSERT INTO PROFESORES (NRP, NOMBRE, APELLIDO1, APELLIDO2, DEPARTAMENTO, FECHA_NACIMIENTO, ANTIGUEDAD) VALUES
	(14, 'Anna', 'Nalick', NULL, 5, '1959-03-04', '1999-06-30');
INSERT INTO PROFESORES (NRP, NOMBRE, APELLIDO1, APELLIDO2, DEPARTAMENTO, FECHA_NACIMIENTO, ANTIGUEDAD) VALUES
	(15, 'Lady', 'Antebellum', NULL, 5, '1961-08-01', '2000-03-15');
INSERT INTO PROFESORES (NRP, NOMBRE, APELLIDO1, APELLIDO2, DEPARTAMENTO, FECHA_NACIMIENTO, ANTIGUEDAD) VALUES
	(16, 'Albus Percival Wulfric Brian', 'Dumbledore', NULL, 6, '1881-11-21', '1997-03-04');
INSERT INTO PROFESORES (NRP, NOMBRE, APELLIDO1, APELLIDO2, DEPARTAMENTO, FECHA_NACIMIENTO, ANTIGUEDAD) VALUES
	(17, 'Severus', 'Snape', NULL, 6, '1960-01-09', '1999-08-04');
INSERT INTO PROFESORES (NRP, NOMBRE, APELLIDO1, APELLIDO2, DEPARTAMENTO, FECHA_NACIMIENTO, ANTIGUEDAD) VALUES
	(18, 'Minerva', 'McGonagall', NULL, 6, '1920-07-04', '2001-06-15');


-- DIRECTORES
INSERT INTO DIRECTORES (NRP, SEXENIO) VALUES
	(1, 6);
INSERT INTO DIRECTORES (NRP, SEXENIO) VALUES
	(2, 4);
INSERT INTO DIRECTORES (NRP, SEXENIO) VALUES
	(4, 6);
INSERT INTO DIRECTORES (NRP, SEXENIO) VALUES
	(7, 2);
INSERT INTO DIRECTORES (NRP, SEXENIO) VALUES
	(10, 12);
INSERT INTO DIRECTORES (NRP, SEXENIO) VALUES
	(13, 5);
INSERT INTO DIRECTORES (NRP, SEXENIO) VALUES
	(16, 39);


-- ACTUALIZACION DE LOS DIRECTORES EN PROFESORES
UPDATE PROFESORES SET DIRECTOR_TESIS = 1 WHERE NRP = 2;
UPDATE PROFESORES SET DIRECTOR_TESIS = 2 WHERE NRP = 3;
UPDATE PROFESORES SET DIRECTOR_TESIS = 4 WHERE NRP = 5;
UPDATE PROFESORES SET DIRECTOR_TESIS = 4 WHERE NRP = 6;
UPDATE PROFESORES SET DIRECTOR_TESIS = 7 WHERE NRP = 8;
UPDATE PROFESORES SET DIRECTOR_TESIS = 7 WHERE NRP = 9;
UPDATE PROFESORES SET DIRECTOR_TESIS = 10 WHERE NRP = 11;
UPDATE PROFESORES SET DIRECTOR_TESIS = 10 WHERE NRP = 12;
UPDATE PROFESORES SET DIRECTOR_TESIS = 13 WHERE NRP = 14;
UPDATE PROFESORES SET DIRECTOR_TESIS = 13 WHERE NRP = 15;
UPDATE PROFESORES SET DIRECTOR_TESIS = 16 WHERE NRP = 17;
UPDATE PROFESORES SET DIRECTOR_TESIS = 16 WHERE NRP = 18;






--------------------------[ ASIGNATURAS (   55 ) ]--------------------------
INSERT INTO ASIGNATURAS (CODIGO, NOMBRE, DEPARTAMENTO, CREDITOS, TEORICOS, PRACTICOS, CARACTER, CURSO) VALUES
	(100, 'Algebra', 1, 9, 5, 4, 'ob', 4);
INSERT INTO ASIGNATURAS (CODIGO, NOMBRE, DEPARTAMENTO, CREDITOS, TEORICOS, PRACTICOS, CARACTER, CURSO) VALUES
	(101, 'Algoritmos y Estructuras', 1, 6, 5, 1, 'ob', 2);
INSERT INTO ASIGNATURAS (CODIGO, NOMBRE, DEPARTAMENTO, CREDITOS, TEORICOS, PRACTICOS, CARACTER, CURSO) VALUES
	(102, 'Analisis Matematico I', 3, 8, 5, 3, 'tr', 5);
INSERT INTO ASIGNATURAS (CODIGO, NOMBRE, DEPARTAMENTO, CREDITOS, TEORICOS, PRACTICOS, CARACTER, CURSO) VALUES
	(103, 'Idioma Ingles', 6, 9, 4, 5, 'tr', 1);
INSERT INTO ASIGNATURAS (CODIGO, NOMBRE, DEPARTAMENTO, CREDITOS, TEORICOS, PRACTICOS, CARACTER, CURSO) VALUES
	(104, 'Lengua y Comunicacion', 1, 3, 1, 1, 'ob', 1);
INSERT INTO ASIGNATURAS (CODIGO, NOMBRE, DEPARTAMENTO, CREDITOS, TEORICOS, PRACTICOS, CARACTER, CURSO) VALUES
	(105, 'Matematica Discreta', 2, 5, 3, 2, 'ob', 1);
INSERT INTO ASIGNATURAS (CODIGO, NOMBRE, DEPARTAMENTO, CREDITOS, TEORICOS, PRACTICOS, CARACTER, CURSO) VALUES
	(106, 'Principios De Adm. y Organizacion', 4, 8, 5, 3, 'tr', 2);
INSERT INTO ASIGNATURAS (CODIGO, NOMBRE, DEPARTAMENTO, CREDITOS, TEORICOS, PRACTICOS, CARACTER, CURSO) VALUES
	(107, 'Sistemas De Informacion', 6, 8, 4, 4, 'ob', 3);
INSERT INTO ASIGNATURAS (CODIGO, NOMBRE, DEPARTAMENTO, CREDITOS, TEORICOS, PRACTICOS, CARACTER, CURSO) VALUES
	(108, 'Taller De Informatica', 4, 4, 1, 3, 'tr', 3);
INSERT INTO ASIGNATURAS (CODIGO, NOMBRE, DEPARTAMENTO, CREDITOS, TEORICOS, PRACTICOS, CARACTER, CURSO) VALUES
	(109, 'Taller De Interpretacion y Razonamiento', 6, 5, 1, 4, 'ob', 2);
INSERT INTO ASIGNATURAS (CODIGO, NOMBRE, DEPARTAMENTO, CREDITOS, TEORICOS, PRACTICOS, CARACTER, CURSO) VALUES
	(110, 'Teoria De Circuitos', 3, 7, 2, 5, 'tr', 2);
INSERT INTO ASIGNATURAS (CODIGO, NOMBRE, DEPARTAMENTO, CREDITOS, TEORICOS, PRACTICOS, CARACTER, CURSO) VALUES
	(111, 'Analisis Matematico II', 4, 6, 1, 5, 'ob', 5);
INSERT INTO ASIGNATURAS (CODIGO, NOMBRE, DEPARTAMENTO, CREDITOS, TEORICOS, PRACTICOS, CARACTER, CURSO) VALUES
	(112, 'Arquitectura De Computadoras', 6, 9, 4, 5, 'tr', 1);
INSERT INTO ASIGNATURAS (CODIGO, NOMBRE, DEPARTAMENTO, CREDITOS, TEORICOS, PRACTICOS, CARACTER, CURSO) VALUES
	(113, 'Comunicacion De Datos', 1, 6, 2, 4, 'ob', 5);
INSERT INTO ASIGNATURAS (CODIGO, NOMBRE, DEPARTAMENTO, CREDITOS, TEORICOS, PRACTICOS, CARACTER, CURSO) VALUES
	(114, 'Elementos De Costos y Contabilidad', 2, 6, 1, 5, 'tr', 4);
INSERT INTO ASIGNATURAS (CODIGO, NOMBRE, DEPARTAMENTO, CREDITOS, TEORICOS, PRACTICOS, CARACTER, CURSO) VALUES
	(115, 'Fisica I', 2, 2, 1, 1, 'tr', 2);
INSERT INTO ASIGNATURAS (CODIGO, NOMBRE, DEPARTAMENTO, CREDITOS, TEORICOS, PRACTICOS, CARACTER, CURSO) VALUES
	(116, 'Ingles Tecnologico', 4, 3, 1, 2, 'tr', 1);
INSERT INTO ASIGNATURAS (CODIGO, NOMBRE, DEPARTAMENTO, CREDITOS, TEORICOS, PRACTICOS, CARACTER, CURSO) VALUES
	(117, 'Programacion Avanzada', 6, 6, 3, 3, 'tr', 4);
INSERT INTO ASIGNATURAS (CODIGO, NOMBRE, DEPARTAMENTO, CREDITOS, TEORICOS, PRACTICOS, CARACTER, CURSO) VALUES
	(118, 'Programacion Estructurada', 6, 6, 1, 5, 'op', NULL);
INSERT INTO ASIGNATURAS (CODIGO, NOMBRE, DEPARTAMENTO, CREDITOS, TEORICOS, PRACTICOS, CARACTER, CURSO) VALUES
	(119, 'Sistemas Digitales', 5, 5, 4, 1, 'ob', 4);
INSERT INTO ASIGNATURAS (CODIGO, NOMBRE, DEPARTAMENTO, CREDITOS, TEORICOS, PRACTICOS, CARACTER, CURSO) VALUES
	(120, 'Sistemas Operativos I', 3, 4, 3, 1, 'ob', 2);
INSERT INTO ASIGNATURAS (CODIGO, NOMBRE, DEPARTAMENTO, CREDITOS, TEORICOS, PRACTICOS, CARACTER, CURSO) VALUES
	(121, 'Analisis De Sistemas', 4, 8, 5, 3, 'ob', 5);
INSERT INTO ASIGNATURAS (CODIGO, NOMBRE, DEPARTAMENTO, CREDITOS, TEORICOS, PRACTICOS, CARACTER, CURSO) VALUES
	(122, 'Bases De Datos', 6, 6, 4, 2, 'ob', 3);
INSERT INTO ASIGNATURAS (CODIGO, NOMBRE, DEPARTAMENTO, CREDITOS, TEORICOS, PRACTICOS, CARACTER, CURSO) VALUES
	(123, 'Estadistica', 6, 7, 2, 5, 'tr', 3);
INSERT INTO ASIGNATURAS (CODIGO, NOMBRE, DEPARTAMENTO, CREDITOS, TEORICOS, PRACTICOS, CARACTER, CURSO) VALUES
	(124, 'Redes De Computadoras', 6, 10, 5, 5, 'tr', 5);
INSERT INTO ASIGNATURAS (CODIGO, NOMBRE, DEPARTAMENTO, CREDITOS, TEORICOS, PRACTICOS, CARACTER, CURSO) VALUES
	(125, 'Sistemas Operativos II', 5, 6, 3, 3, 'ob', 3);
INSERT INTO ASIGNATURAS (CODIGO, NOMBRE, DEPARTAMENTO, CREDITOS, TEORICOS, PRACTICOS, CARACTER, CURSO) VALUES
	(126, 'Taller De Redes Locales', 6, 5, 1, 4, 'ob', 4);
INSERT INTO ASIGNATURAS (CODIGO, NOMBRE, DEPARTAMENTO, CREDITOS, TEORICOS, PRACTICOS, CARACTER, CURSO) VALUES
	(127, 'Administracion De Recursos Humanos', 5, 7, 3, 4, 'ob', 3);
INSERT INTO ASIGNATURAS (CODIGO, NOMBRE, DEPARTAMENTO, CREDITOS, TEORICOS, PRACTICOS, CARACTER, CURSO) VALUES
	(128, 'Analisis De La Realidad Contemporanea', 3, 5, 3, 2, 'op', NULL);
INSERT INTO ASIGNATURAS (CODIGO, NOMBRE, DEPARTAMENTO, CREDITOS, TEORICOS, PRACTICOS, CARACTER, CURSO) VALUES
	(129, 'Calculo Numerico', 5, 4, 3, 1, 'tr', 3);
INSERT INTO ASIGNATURAS (CODIGO, NOMBRE, DEPARTAMENTO, CREDITOS, TEORICOS, PRACTICOS, CARACTER, CURSO) VALUES
	(130, 'Compiladores y Automatas', 3, 6, 5, 1, 'op', NULL);
INSERT INTO ASIGNATURAS (CODIGO, NOMBRE, DEPARTAMENTO, CREDITOS, TEORICOS, PRACTICOS, CARACTER, CURSO) VALUES
	(131, 'Diseno De Sistemas', 6, 8, 5, 3, 'ob', 5);
INSERT INTO ASIGNATURAS (CODIGO, NOMBRE, DEPARTAMENTO, CREDITOS, TEORICOS, PRACTICOS, CARACTER, CURSO) VALUES
	(132, 'Fisica II', 1, 4, 3, 1, 'ob', 2);
INSERT INTO ASIGNATURAS (CODIGO, NOMBRE, DEPARTAMENTO, CREDITOS, TEORICOS, PRACTICOS, CARACTER, CURSO) VALUES
	(133, 'Investigacion Cientifica', 6, 5, 4, 1, 'ob', 2);
INSERT INTO ASIGNATURAS (CODIGO, NOMBRE, DEPARTAMENTO, CREDITOS, TEORICOS, PRACTICOS, CARACTER, CURSO) VALUES
	(134, 'Investigacion Operativa ', 3, 7, 3, 4, 'tr', 4);
INSERT INTO ASIGNATURAS (CODIGO, NOMBRE, DEPARTAMENTO, CREDITOS, TEORICOS, PRACTICOS, CARACTER, CURSO) VALUES
	(135, 'Modelos y Simulacion', 4, 7, 2, 5, 'tr', 2);
INSERT INTO ASIGNATURAS (CODIGO, NOMBRE, DEPARTAMENTO, CREDITOS, TEORICOS, PRACTICOS, CARACTER, CURSO) VALUES
	(136, 'Principios De Economia', 1, 4, 1, 3, 'ob', 2);
INSERT INTO ASIGNATURAS (CODIGO, NOMBRE, DEPARTAMENTO, CREDITOS, TEORICOS, PRACTICOS, CARACTER, CURSO) VALUES
	(137, 'Tecnologias De Base De Datos', 5, 5, 3, 2, 'ob', 3);
INSERT INTO ASIGNATURAS (CODIGO, NOMBRE, DEPARTAMENTO, CREDITOS, TEORICOS, PRACTICOS, CARACTER, CURSO) VALUES
	(138, 'Ingenieria Del Software', 5, 5, 2, 3, 'ob', 2);
INSERT INTO ASIGNATURAS (CODIGO, NOMBRE, DEPARTAMENTO, CREDITOS, TEORICOS, PRACTICOS, CARACTER, CURSO) VALUES
	(139, 'Inteligencia Artificial I', 3, 6, 1, 5, 'ob', 2);
INSERT INTO ASIGNATURAS (CODIGO, NOMBRE, DEPARTAMENTO, CREDITOS, TEORICOS, PRACTICOS, CARACTER, CURSO) VALUES
	(140, 'Seguridad e Higiene', 2, 6, 1, 5, 'op', NULL);
INSERT INTO ASIGNATURAS (CODIGO, NOMBRE, DEPARTAMENTO, CREDITOS, TEORICOS, PRACTICOS, CARACTER, CURSO) VALUES
	(141, 'Taller De Formacion y Prospectiva Prof.', 4, 8, 3, 5, 'tr', 5);
INSERT INTO ASIGNATURAS (CODIGO, NOMBRE, DEPARTAMENTO, CREDITOS, TEORICOS, PRACTICOS, CARACTER, CURSO) VALUES
	(142, 'Telecomunicaciones', 1, 6, 5, 1, 'tr', 1);
INSERT INTO ASIGNATURAS (CODIGO, NOMBRE, DEPARTAMENTO, CREDITOS, TEORICOS, PRACTICOS, CARACTER, CURSO) VALUES
	(143, 'Teoria De Control', 2, 5, 3, 2, 'ob', 1);
INSERT INTO ASIGNATURAS (CODIGO, NOMBRE, DEPARTAMENTO, CREDITOS, TEORICOS, PRACTICOS, CARACTER, CURSO) VALUES
	(144, 'Direccion y Gerenciamiento', 2, 3, 2, 1, 'tr', 1);
INSERT INTO ASIGNATURAS (CODIGO, NOMBRE, DEPARTAMENTO, CREDITOS, TEORICOS, PRACTICOS, CARACTER, CURSO) VALUES
	(145, 'Gestion De La Calidad y Auditoria', 2, 3, 2, 1, 'ob', 3);
INSERT INTO ASIGNATURAS (CODIGO, NOMBRE, DEPARTAMENTO, CREDITOS, TEORICOS, PRACTICOS, CARACTER, CURSO) VALUES
	(146, 'Inteligencia Artificial II', 2, 5, 1, 4, 'ob', 5);
INSERT INTO ASIGNATURAS (CODIGO, NOMBRE, DEPARTAMENTO, CREDITOS, TEORICOS, PRACTICOS, CARACTER, CURSO) VALUES
	(147, 'Legislacion', 6, 7, 5, 2, 'ob', 4);
INSERT INTO ASIGNATURAS (CODIGO, NOMBRE, DEPARTAMENTO, CREDITOS, TEORICOS, PRACTICOS, CARACTER, CURSO) VALUES
	(148, 'Proyectos Informaticos', 5, 4, 1, 3, 'tr', 1);
INSERT INTO ASIGNATURAS (CODIGO, NOMBRE, DEPARTAMENTO, CREDITOS, TEORICOS, PRACTICOS, CARACTER, CURSO) VALUES
	(149, 'Estudios y Proyectos', 5, 9, 4, 5, 'ob', 3);
INSERT INTO ASIGNATURAS (CODIGO, NOMBRE, DEPARTAMENTO, CREDITOS, TEORICOS, PRACTICOS, CARACTER, CURSO) VALUES
	(150, 'Taller De Emprendimiento e Innovacion', 2, 8, 4, 4, 'ob', 2);
INSERT INTO ASIGNATURAS (CODIGO, NOMBRE, DEPARTAMENTO, CREDITOS, TEORICOS, PRACTICOS, CARACTER, CURSO) VALUES
	(151, 'Matematica Aplicada', 5, 9, 5, 4, 'tr', 3);
INSERT INTO ASIGNATURAS (CODIGO, NOMBRE, DEPARTAMENTO, CREDITOS, TEORICOS, PRACTICOS, CARACTER, CURSO) VALUES
	(152, 'Defenza Contra las Artes Oscuras', 2, 5, 4, 1, 'tr', 2);
INSERT INTO ASIGNATURAS (CODIGO, NOMBRE, DEPARTAMENTO, CREDITOS, TEORICOS, PRACTICOS, CARACTER, CURSO) VALUES
	(153, 'Encantamientos', 5, 4, 2, 2, 'tr', 3);
INSERT INTO ASIGNATURAS (CODIGO, NOMBRE, DEPARTAMENTO, CREDITOS, TEORICOS, PRACTICOS, CARACTER, CURSO) VALUES
	(154, 'Adivinacion', 4, 5, 4, 1, 'tr', 5);
INSERT INTO ASIGNATURAS (CODIGO, NOMBRE, DEPARTAMENTO, CREDITOS, TEORICOS, PRACTICOS, CARACTER, CURSO) VALUES
	(155, 'Ultima Materia', 4, 5, 4, 1, 'ob', 5);




--------------------------[ ALUMNOS (  150 ) ]--------------------------
INSERT INTO ALUMNOS (DNI, NOMBRE, APELLIDO1, SEXO, DIRECCION, TELEFONO, EMAIL, FECHA_NACIMIENTO, FECHA_PRIM_MATRICULA) VALUES
	(30426298, 'Marcos', 'Espinola', 'm', 'Direccion 0', '03764-496088', 'M.Espinola@isvd.edu.ar', '1973-06-09', '2002-04-04');
INSERT INTO ALUMNOS (DNI, NOMBRE, APELLIDO1, SEXO, DIRECCION, TELEFONO, EMAIL, FECHA_NACIMIENTO, FECHA_PRIM_MATRICULA) VALUES
	(20235847, 'Hilda', 'Ramirez', 'f', 'Direccion 1', '03799-458128', 'H.Ramirez@isvd.edu.ar', '1974-06-10', '2007-05-19');
INSERT INTO ALUMNOS (DNI, NOMBRE, APELLIDO1, SEXO, DIRECCION, TELEFONO, EMAIL, FECHA_NACIMIENTO, FECHA_PRIM_MATRICULA) VALUES
	(31544115, 'Fabian', 'Juarez', 'm', 'Direccion 2', '03742-443142', 'F.Juarez@isvd.edu.ar', '1952-07-08', '2006-11-06');
INSERT INTO ALUMNOS (DNI, NOMBRE, APELLIDO1, SEXO, DIRECCION, TELEFONO, EMAIL, FECHA_NACIMIENTO, FECHA_PRIM_MATRICULA) VALUES
	(17564302, 'Emanuel', 'Longobardi', 'm', 'Direccion 3', '03713-495595', 'E.Longobardi@isvd.edu.ar', '1971-07-15', '2003-07-28');
INSERT INTO ALUMNOS (DNI, NOMBRE, APELLIDO1, SEXO, DIRECCION, TELEFONO, EMAIL, FECHA_NACIMIENTO, FECHA_PRIM_MATRICULA) VALUES
	(14376842, 'Pedro', 'Garcia', 'm', 'Direccion 4', '03718-438687', 'P.Garcia@isvd.edu.ar', '1973-08-01', '2006-06-23');
INSERT INTO ALUMNOS (DNI, NOMBRE, APELLIDO1, SEXO, DIRECCION, TELEFONO, EMAIL, FECHA_NACIMIENTO, FECHA_PRIM_MATRICULA) VALUES
	(21521897, 'Jose', 'Gomez', 'm', 'Direccion 5', '03718-491459', 'J.Gomez@isvd.edu.ar', '1987-02-09', '2001-12-24');
INSERT INTO ALUMNOS (DNI, NOMBRE, APELLIDO1, SEXO, DIRECCION, TELEFONO, EMAIL, FECHA_NACIMIENTO, FECHA_PRIM_MATRICULA) VALUES
	(32131810, 'Patricia', 'Baez', 'f', 'Direccion 6', '03726-462286', 'P.Baez@isvd.edu.ar', '1968-04-16', '2003-03-18');
INSERT INTO ALUMNOS (DNI, NOMBRE, APELLIDO1, SEXO, DIRECCION, TELEFONO, EMAIL, FECHA_NACIMIENTO, FECHA_PRIM_MATRICULA) VALUES
	(25017411, 'VanesaVictoria', 'Martinez', 'f', 'Direccion 7', '03750-456304', 'V.Martinez@isvd.edu.ar', '1981-01-25', '2002-05-26');
INSERT INTO ALUMNOS (DNI, NOMBRE, APELLIDO1, SEXO, DIRECCION, TELEFONO, EMAIL, FECHA_NACIMIENTO, FECHA_PRIM_MATRICULA) VALUES
	(12894146, 'Damian', 'Gimenez', 'm', 'Direccion 8', '03787-474220', 'D.Gimenez@isvd.edu.ar', '1983-01-27', '1999-06-13');
INSERT INTO ALUMNOS (DNI, NOMBRE, APELLIDO1, SEXO, DIRECCION, TELEFONO, EMAIL, FECHA_NACIMIENTO, FECHA_PRIM_MATRICULA) VALUES
	(32648473, 'Juan', 'Baez', 'm', 'Direccion 9', '03761-480028', 'J.Baez@isvd.edu.ar', '1978-09-13', '2002-02-19');
INSERT INTO ALUMNOS (DNI, NOMBRE, APELLIDO1, SEXO, DIRECCION, TELEFONO, EMAIL, FECHA_NACIMIENTO, FECHA_PRIM_MATRICULA) VALUES
	(24831980, 'Felix', 'Irrazabal', 'm', 'Direccion 10', '03799-475162', 'F.Irrazabal@isvd.edu.ar', '1964-05-02', '2004-04-28');
INSERT INTO ALUMNOS (DNI, NOMBRE, APELLIDO1, SEXO, DIRECCION, TELEFONO, EMAIL, FECHA_NACIMIENTO, FECHA_PRIM_MATRICULA) VALUES
	(27304636, 'Claudia', 'Torres', 'f', 'Direccion 11', '03763-476512', 'C.Torres@isvd.edu.ar', '1979-07-22', '2005-03-22');
INSERT INTO ALUMNOS (DNI, NOMBRE, APELLIDO1, SEXO, DIRECCION, TELEFONO, EMAIL, FECHA_NACIMIENTO, FECHA_PRIM_MATRICULA) VALUES
	(17689916, 'Martin', 'Meyer', 'm', 'Direccion 12', '03747-495881', 'M.Meyer@isvd.edu.ar', '1973-08-09', '2003-08-06');
INSERT INTO ALUMNOS (DNI, NOMBRE, APELLIDO1, SEXO, DIRECCION, TELEFONO, EMAIL, FECHA_NACIMIENTO, FECHA_PRIM_MATRICULA) VALUES
	(25575945, 'Lorena', 'Benitez', 'f', 'Direccion 13', '03765-498325', 'L.Benitez@isvd.edu.ar', '1978-04-10', '1999-04-08');
INSERT INTO ALUMNOS (DNI, NOMBRE, APELLIDO1, SEXO, DIRECCION, TELEFONO, EMAIL, FECHA_NACIMIENTO, FECHA_PRIM_MATRICULA) VALUES
	(20617923, 'Maria', 'Fontana', 'f', 'Direccion 14', '03797-436917', 'M.Fontana@isvd.edu.ar', '1978-08-24', '2009-10-09');
INSERT INTO ALUMNOS (DNI, NOMBRE, APELLIDO1, SEXO, DIRECCION, TELEFONO, EMAIL, FECHA_NACIMIENTO, FECHA_PRIM_MATRICULA) VALUES
	(25982696, 'Adriana', 'Perez', 'f', 'Direccion 15', '03753-421403', 'A.Perez@isvd.edu.ar', '1959-10-04', '2000-02-10');
INSERT INTO ALUMNOS (DNI, NOMBRE, APELLIDO1, SEXO, DIRECCION, TELEFONO, EMAIL, FECHA_NACIMIENTO, FECHA_PRIM_MATRICULA) VALUES
	(12293740, 'Noel', 'Meyer', 'm', 'Direccion 16', '03725-478278', 'N.Meyer@isvd.edu.ar', '1968-05-12', '2008-03-04');
INSERT INTO ALUMNOS (DNI, NOMBRE, APELLIDO1, SEXO, DIRECCION, TELEFONO, EMAIL, FECHA_NACIMIENTO, FECHA_PRIM_MATRICULA) VALUES
	(21505448, 'Leticia', 'Meyer', 'f', 'Direccion 17', '03728-439744', 'L.Meyer@isvd.edu.ar', '1964-11-05', '2001-08-21');
INSERT INTO ALUMNOS (DNI, NOMBRE, APELLIDO1, SEXO, DIRECCION, TELEFONO, EMAIL, FECHA_NACIMIENTO, FECHA_PRIM_MATRICULA) VALUES
	(26872463, 'VanesaVictoria', 'Lopez', 'f', 'Direccion 18', '03745-459117', 'V.Lopez@isvd.edu.ar', '1984-02-20', '1998-02-16');
INSERT INTO ALUMNOS (DNI, NOMBRE, APELLIDO1, SEXO, DIRECCION, TELEFONO, EMAIL, FECHA_NACIMIENTO, FECHA_PRIM_MATRICULA) VALUES
	(27442213, 'Pedro', 'Palacios', 'm', 'Direccion 19', '03720-450083', 'P.Palacios@isvd.edu.ar', '1979-03-04', '1999-07-21');
INSERT INTO ALUMNOS (DNI, NOMBRE, APELLIDO1, SEXO, DIRECCION, TELEFONO, EMAIL, FECHA_NACIMIENTO, FECHA_PRIM_MATRICULA) VALUES
	(30239372, 'Gabriel', 'Benitez', 'm', 'Direccion 20', '03786-467425', 'G.Benitez@isvd.edu.ar', '1968-07-18', '2003-01-08');
INSERT INTO ALUMNOS (DNI, NOMBRE, APELLIDO1, SEXO, DIRECCION, TELEFONO, EMAIL, FECHA_NACIMIENTO, FECHA_PRIM_MATRICULA) VALUES
	(26564409, 'Carlos', 'Guevara', 'm', 'Direccion 21', '03751-486593', 'C.Guevara@isvd.edu.ar', '1974-03-17', '2008-11-22');
INSERT INTO ALUMNOS (DNI, NOMBRE, APELLIDO1, SEXO, DIRECCION, TELEFONO, EMAIL, FECHA_NACIMIENTO, FECHA_PRIM_MATRICULA) VALUES
	(32077975, 'Eduardo', 'Lopez', 'm', 'Direccion 22', '03715-479725', 'E.Lopez@isvd.edu.ar', '1965-06-24', '2004-06-02');
INSERT INTO ALUMNOS (DNI, NOMBRE, APELLIDO1, SEXO, DIRECCION, TELEFONO, EMAIL, FECHA_NACIMIENTO, FECHA_PRIM_MATRICULA) VALUES
	(27594745, 'Bulma', 'Perez', 'f', 'Direccion 23', '03785-445557', NULL  , '1957-06-21', '2001-11-19');
INSERT INTO ALUMNOS (DNI, NOMBRE, APELLIDO1, SEXO, DIRECCION, TELEFONO, EMAIL, FECHA_NACIMIENTO, FECHA_PRIM_MATRICULA) VALUES
	(17253258, 'Ramiro', 'Irrazabal', 'm', 'Direccion 24', '03792-490744', 'R.Irrazabal@isvd.edu.ar', '1977-07-07', '2006-06-05');
INSERT INTO ALUMNOS (DNI, NOMBRE, APELLIDO1, SEXO, DIRECCION, TELEFONO, EMAIL, FECHA_NACIMIENTO, FECHA_PRIM_MATRICULA) VALUES
	(16492843, 'Hernan', 'Sabina', 'm', 'Direccion 25', '03715-460074', 'H.Sabina@isvd.edu.ar', '1983-09-21', '1998-05-20');
INSERT INTO ALUMNOS (DNI, NOMBRE, APELLIDO1, SEXO, DIRECCION, TELEFONO, EMAIL, FECHA_NACIMIENTO, FECHA_PRIM_MATRICULA) VALUES
	(15001922, 'Carlos', 'Sanabria', 'm', 'Direccion 26', '03766-493115', 'C.Sanabria@isvd.edu.ar', '1985-01-22', '2003-01-20');
INSERT INTO ALUMNOS (DNI, NOMBRE, APELLIDO1, SEXO, DIRECCION, TELEFONO, EMAIL, FECHA_NACIMIENTO, FECHA_PRIM_MATRICULA) VALUES
	(21058321, 'Andres', 'Guevara', 'm', 'Direccion 27', '03777-484735', 'A.Guevara@isvd.edu.ar', '1981-09-24', '2006-06-24');
INSERT INTO ALUMNOS (DNI, NOMBRE, APELLIDO1, SEXO, DIRECCION, TELEFONO, EMAIL, FECHA_NACIMIENTO, FECHA_PRIM_MATRICULA) VALUES
	(11941572, 'Celeste', 'Hidalgo', 'f', 'Direccion 28', '03789-467057', NULL  , '1965-06-07', '2006-06-07');
INSERT INTO ALUMNOS (DNI, NOMBRE, APELLIDO1, SEXO, DIRECCION, TELEFONO, EMAIL, FECHA_NACIMIENTO, FECHA_PRIM_MATRICULA) VALUES
	(19336360, 'Ramiro', 'Saavedra', 'm', 'Direccion 29', '03762-450306', 'R.Saavedra@isvd.edu.ar', '1975-03-26', '2007-11-05');
INSERT INTO ALUMNOS (DNI, NOMBRE, APELLIDO1, SEXO, DIRECCION, TELEFONO, EMAIL, FECHA_NACIMIENTO, FECHA_PRIM_MATRICULA) VALUES
	(27386883, 'Pablo', 'Baez', 'm', 'Direccion 30', '03714-460064', 'P.Baez@isvd.edu.ar', '1955-12-09', '2009-01-14');
INSERT INTO ALUMNOS (DNI, NOMBRE, APELLIDO1, SEXO, DIRECCION, TELEFONO, EMAIL, FECHA_NACIMIENTO, FECHA_PRIM_MATRICULA) VALUES
	(34848217, 'Gabriel', 'Sanabria', 'm', 'Direccion 31', '03714-428432', 'G.Sanabria@isvd.edu.ar', '1953-02-26', '2007-09-12');
INSERT INTO ALUMNOS (DNI, NOMBRE, APELLIDO1, SEXO, DIRECCION, TELEFONO, EMAIL, FECHA_NACIMIENTO, FECHA_PRIM_MATRICULA) VALUES
	(32480240, 'Pablo', 'Caminos', 'm', 'Direccion 32', '03772-436597', 'P.Caminos@isvd.edu.ar', '1973-03-12', '2006-02-04');
INSERT INTO ALUMNOS (DNI, NOMBRE, APELLIDO1, SEXO, DIRECCION, TELEFONO, EMAIL, FECHA_NACIMIENTO, FECHA_PRIM_MATRICULA) VALUES
	(26625721, 'Miguel', 'Olmedo', 'm', 'Direccion 33', '03792-486310', 'M.Olmedo@isvd.edu.ar', '1980-12-17', '2001-05-12');
INSERT INTO ALUMNOS (DNI, NOMBRE, APELLIDO1, SEXO, DIRECCION, TELEFONO, EMAIL, FECHA_NACIMIENTO, FECHA_PRIM_MATRICULA) VALUES
	(31635335, 'Alejandro', 'Marquez', 'm', 'Direccion 34', '03791-457762', 'A.Marquez@isvd.edu.ar', '1972-09-09', '1999-06-23');
INSERT INTO ALUMNOS (DNI, NOMBRE, APELLIDO1, SEXO, DIRECCION, TELEFONO, EMAIL, FECHA_NACIMIENTO, FECHA_PRIM_MATRICULA) VALUES
	(15060991, 'Javier', 'Alvarez', 'm', 'Direccion 35', '03743-471378', 'J.Alvarez@isvd.edu.ar', '1969-01-03', '2006-07-06');
INSERT INTO ALUMNOS (DNI, NOMBRE, APELLIDO1, SEXO, DIRECCION, TELEFONO, EMAIL, FECHA_NACIMIENTO, FECHA_PRIM_MATRICULA) VALUES
	(12294488, 'Ian', 'Hidalgo', 'm', 'Direccion 36', '03723-471004', 'I.Hidalgo@isvd.edu.ar', '1960-06-28', '2002-10-03');
INSERT INTO ALUMNOS (DNI, NOMBRE, APELLIDO1, SEXO, DIRECCION, TELEFONO, EMAIL, FECHA_NACIMIENTO, FECHA_PRIM_MATRICULA) VALUES
	(27070605, 'Tatiana', 'Longobardi', 'f', 'Direccion 37', '03765-446009', 'T.Longobardi@isvd.edu.ar', '1951-05-05', '2001-02-15');
INSERT INTO ALUMNOS (DNI, NOMBRE, APELLIDO1, SEXO, DIRECCION, TELEFONO, EMAIL, FECHA_NACIMIENTO, FECHA_PRIM_MATRICULA) VALUES
	(32498185, 'Jose', 'Prado', 'm', 'Direccion 38', '03779-429792', 'J.Prado@isvd.edu.ar', '1969-12-17', '2008-09-24');
INSERT INTO ALUMNOS (DNI, NOMBRE, APELLIDO1, SEXO, DIRECCION, TELEFONO, EMAIL, FECHA_NACIMIENTO, FECHA_PRIM_MATRICULA) VALUES
	(32066012, 'Fabian', 'Sanmartin', 'm', 'Direccion 39', '03734-492199', 'F.Sanmartin@isvd.edu.ar', '1973-10-26', '1998-07-06');
INSERT INTO ALUMNOS (DNI, NOMBRE, APELLIDO1, SEXO, DIRECCION, TELEFONO, EMAIL, FECHA_NACIMIENTO, FECHA_PRIM_MATRICULA) VALUES
	(29759347, 'Andrea', 'Oreiro', 'f', 'Direccion 40', '03728-423317', 'A.Oreiro@isvd.edu.ar', '1987-04-18', '1998-01-10');
INSERT INTO ALUMNOS (DNI, NOMBRE, APELLIDO1, SEXO, DIRECCION, TELEFONO, EMAIL, FECHA_NACIMIENTO, FECHA_PRIM_MATRICULA) VALUES
	(15743644, 'Mario', 'Caminos', 'm', 'Direccion 41', '03733-446241', 'M.Caminos@isvd.edu.ar', '1952-03-01', '2002-03-28');
INSERT INTO ALUMNOS (DNI, NOMBRE, APELLIDO1, SEXO, DIRECCION, TELEFONO, EMAIL, FECHA_NACIMIENTO, FECHA_PRIM_MATRICULA) VALUES
	(12763298, 'Noel', 'Olmedo', 'm', 'Direccion 42', '03766-496164', 'N.Olmedo@isvd.edu.ar', '1979-12-25', '1998-12-27');
INSERT INTO ALUMNOS (DNI, NOMBRE, APELLIDO1, SEXO, DIRECCION, TELEFONO, EMAIL, FECHA_NACIMIENTO, FECHA_PRIM_MATRICULA) VALUES
	(20187246, 'Carina', 'Alvarez', 'f', 'Direccion 43', '03752-443430', 'C.Alvarez@isvd.edu.ar', '1975-04-05', '2008-09-28');
INSERT INTO ALUMNOS (DNI, NOMBRE, APELLIDO1, SEXO, DIRECCION, TELEFONO, EMAIL, FECHA_NACIMIENTO, FECHA_PRIM_MATRICULA) VALUES
	(23373211, 'Pamela', 'Meyer', 'f', 'Direccion 44', '03748-477997', 'P.Meyer@isvd.edu.ar', '1982-04-07', '2001-01-13');
INSERT INTO ALUMNOS (DNI, NOMBRE, APELLIDO1, SEXO, DIRECCION, TELEFONO, EMAIL, FECHA_NACIMIENTO, FECHA_PRIM_MATRICULA) VALUES
	(27772698, 'Pamela', 'Ramirez', 'f', 'Direccion 45', '03786-432744', 'P.Ramirez@isvd.edu.ar', '1962-11-07', '2002-09-27');
INSERT INTO ALUMNOS (DNI, NOMBRE, APELLIDO1, SEXO, DIRECCION, TELEFONO, EMAIL, FECHA_NACIMIENTO, FECHA_PRIM_MATRICULA) VALUES
	(15943281, 'Guillermo', 'Olmedo', 'm', 'Direccion 46', '03727-463267', 'G.Olmedo@isvd.edu.ar', '1979-08-16', '2008-06-28');
INSERT INTO ALUMNOS (DNI, NOMBRE, APELLIDO1, SEXO, DIRECCION, TELEFONO, EMAIL, FECHA_NACIMIENTO, FECHA_PRIM_MATRICULA) VALUES
	(31898526, 'Diana', 'Torres', 'f', 'Direccion 47', '03739-421521', 'D.Torres@isvd.edu.ar', '1977-05-27', '1999-07-26');
INSERT INTO ALUMNOS (DNI, NOMBRE, APELLIDO1, SEXO, DIRECCION, TELEFONO, EMAIL, FECHA_NACIMIENTO, FECHA_PRIM_MATRICULA) VALUES
	(21455351, 'VanesaVictoria', 'Denis', 'f', 'Direccion 48', '03738-420888', 'V.Denis@isvd.edu.ar', '1966-03-26', '2002-02-20');
INSERT INTO ALUMNOS (DNI, NOMBRE, APELLIDO1, SEXO, DIRECCION, TELEFONO, EMAIL, FECHA_NACIMIENTO, FECHA_PRIM_MATRICULA) VALUES
	(25019654, 'Mirta', 'Sarmiento', 'f', 'Direccion 49', '03727-490165', 'M.Sarmiento@isvd.edu.ar', '1984-12-15', '2007-09-18');
INSERT INTO ALUMNOS (DNI, NOMBRE, APELLIDO1, SEXO, DIRECCION, TELEFONO, EMAIL, FECHA_NACIMIENTO, FECHA_PRIM_MATRICULA) VALUES
	(32959518, 'Pamela', 'Sanabria', 'f', 'Direccion 50', '03739-453921', 'P.Sanabria@isvd.edu.ar', '1956-03-19', '2000-01-24');
INSERT INTO ALUMNOS (DNI, NOMBRE, APELLIDO1, SEXO, DIRECCION, TELEFONO, EMAIL, FECHA_NACIMIENTO, FECHA_PRIM_MATRICULA) VALUES
	(26502350, 'Tatiana', 'Fontana', 'f', 'Direccion 51', '03726-496816', 'T.Fontana@isvd.edu.ar', '1964-04-11', '2000-07-18');
INSERT INTO ALUMNOS (DNI, NOMBRE, APELLIDO1, SEXO, DIRECCION, TELEFONO, EMAIL, FECHA_NACIMIENTO, FECHA_PRIM_MATRICULA) VALUES
	(28829203, 'Ian', 'Juarez', 'm', 'Direccion 52', '03772-429262', 'I.Juarez@isvd.edu.ar', '1973-12-24', '2003-02-16');
INSERT INTO ALUMNOS (DNI, NOMBRE, APELLIDO1, SEXO, DIRECCION, TELEFONO, EMAIL, FECHA_NACIMIENTO, FECHA_PRIM_MATRICULA) VALUES
	(27777932, 'Luciando', 'Juarez', 'm', 'Direccion 53', '03730-432051', 'L.Juarez@isvd.edu.ar', '1962-08-02', '2001-09-22');
INSERT INTO ALUMNOS (DNI, NOMBRE, APELLIDO1, SEXO, DIRECCION, TELEFONO, EMAIL, FECHA_NACIMIENTO, FECHA_PRIM_MATRICULA) VALUES
	(11331446, 'Teresa', 'Lopez', 'f', 'Direccion 54', '03746-497341', 'T.Lopez@isvd.edu.ar', '1987-07-18', '2001-06-15');
INSERT INTO ALUMNOS (DNI, NOMBRE, APELLIDO1, SEXO, DIRECCION, TELEFONO, EMAIL, FECHA_NACIMIENTO, FECHA_PRIM_MATRICULA) VALUES
	(26324397, 'Mario', 'Marquez', 'm', 'Direccion 55', '03773-463570', 'M.Marquez@isvd.edu.ar', '1976-10-12', '1999-07-14');
INSERT INTO ALUMNOS (DNI, NOMBRE, APELLIDO1, SEXO, DIRECCION, TELEFONO, EMAIL, FECHA_NACIMIENTO, FECHA_PRIM_MATRICULA) VALUES
	(11509399, 'Alejandro', 'Martinez', 'm', 'Direccion 56', '03717-421787', 'A.Martinez@isvd.edu.ar', '1963-09-01', '2006-06-24');
INSERT INTO ALUMNOS (DNI, NOMBRE, APELLIDO1, SEXO, DIRECCION, TELEFONO, EMAIL, FECHA_NACIMIENTO, FECHA_PRIM_MATRICULA) VALUES
	(25951293, 'Eduardo', 'Dalmaso', 'm', 'Direccion 57', '03752-430869', 'E.Dalmaso@isvd.edu.ar', '1975-09-14', '2006-09-23');
INSERT INTO ALUMNOS (DNI, NOMBRE, APELLIDO1, SEXO, DIRECCION, TELEFONO, EMAIL, FECHA_NACIMIENTO, FECHA_PRIM_MATRICULA) VALUES
	(11369579, 'Dante', 'Diaz', 'm', 'Direccion 58', '03772-439146', 'D.Diaz@isvd.edu.ar', '1958-04-09', '2004-06-24');
INSERT INTO ALUMNOS (DNI, NOMBRE, APELLIDO1, SEXO, DIRECCION, TELEFONO, EMAIL, FECHA_NACIMIENTO, FECHA_PRIM_MATRICULA) VALUES
	(27897565, 'Mirta', 'Benitez', 'f', 'Direccion 59', '03740-469947', 'M.Benitez@isvd.edu.ar', '1952-11-28', '2000-02-20');
INSERT INTO ALUMNOS (DNI, NOMBRE, APELLIDO1, SEXO, DIRECCION, TELEFONO, EMAIL, FECHA_NACIMIENTO, FECHA_PRIM_MATRICULA) VALUES
	(28393292, 'Domingo', 'Hidalgo', 'm', 'Direccion 60', '03715-448538', 'D.Hidalgo@isvd.edu.ar', '1981-02-07', '2003-01-10');
INSERT INTO ALUMNOS (DNI, NOMBRE, APELLIDO1, SEXO, DIRECCION, TELEFONO, EMAIL, FECHA_NACIMIENTO, FECHA_PRIM_MATRICULA) VALUES
	(12747596, 'Juliana', 'Sabina', 'f', 'Direccion 61', '03740-447979', 'J.Sabina@isvd.edu.ar', '1954-07-17', '2006-03-13');
INSERT INTO ALUMNOS (DNI, NOMBRE, APELLIDO1, SEXO, DIRECCION, TELEFONO, EMAIL, FECHA_NACIMIENTO, FECHA_PRIM_MATRICULA) VALUES
	(19352809, 'Dario', 'Espinola', 'm', 'Direccion 62', '03774-491369', 'D.Espinola@isvd.edu.ar', '1987-07-21', '2005-10-17');
INSERT INTO ALUMNOS (DNI, NOMBRE, APELLIDO1, SEXO, DIRECCION, TELEFONO, EMAIL, FECHA_NACIMIENTO, FECHA_PRIM_MATRICULA) VALUES
	(11150502, 'Claudia', 'Perez', 'f', 'Direccion 63', '03760-448013', 'C.Perez@isvd.edu.ar', '1952-08-17', '2009-12-02');
INSERT INTO ALUMNOS (DNI, NOMBRE, APELLIDO1, SEXO, DIRECCION, TELEFONO, EMAIL, FECHA_NACIMIENTO, FECHA_PRIM_MATRICULA) VALUES
	(19941999, 'Yanina', 'Palacios', 'f', 'Direccion 64', '03769-440996', 'Y.Palacios@isvd.edu.ar', '1986-01-02', '2007-01-28');
INSERT INTO ALUMNOS (DNI, NOMBRE, APELLIDO1, SEXO, DIRECCION, TELEFONO, EMAIL, FECHA_NACIMIENTO, FECHA_PRIM_MATRICULA) VALUES
	(18363597, '', 'Denis', 'f', 'Direccion 65', '03758-463653', '', '1954-10-11', '2002-02-28');
INSERT INTO ALUMNOS (DNI, NOMBRE, APELLIDO1, SEXO, DIRECCION, TELEFONO, EMAIL, FECHA_NACIMIENTO, FECHA_PRIM_MATRICULA) VALUES
	(30222923, 'Fabiana', 'Espinola', 'f', 'Direccion 66', '03764-422441', 'F.Espinola@isvd.edu.ar', '1956-03-01', '2009-10-01');
INSERT INTO ALUMNOS (DNI, NOMBRE, APELLIDO1, SEXO, DIRECCION, TELEFONO, EMAIL, FECHA_NACIMIENTO, FECHA_PRIM_MATRICULA) VALUES
	(22096133, 'Marcos', 'Arzamendia', 'm', 'Direccion 67', '03744-423742', 'M.Arzamendia@isvd.edu.ar', '1965-08-11', '2007-02-26');
INSERT INTO ALUMNOS (DNI, NOMBRE, APELLIDO1, SEXO, DIRECCION, TELEFONO, EMAIL, FECHA_NACIMIENTO, FECHA_PRIM_MATRICULA) VALUES
	(13374920, 'Luciando', 'Ramirez', 'm', 'Direccion 68', '03779-442051', 'L.Ramirez@isvd.edu.ar', '1970-07-12', '1999-10-11');
INSERT INTO ALUMNOS (DNI, NOMBRE, APELLIDO1, SEXO, DIRECCION, TELEFONO, EMAIL, FECHA_NACIMIENTO, FECHA_PRIM_MATRICULA) VALUES
	(21173467, 'Emanuel', 'Lopez', 'm', 'Direccion 69', '03749-467066', NULL  , '1953-05-23', '2009-03-17');
INSERT INTO ALUMNOS (DNI, NOMBRE, APELLIDO1, SEXO, DIRECCION, TELEFONO, EMAIL, FECHA_NACIMIENTO, FECHA_PRIM_MATRICULA) VALUES
	(32270883, 'Miguel', 'Gimenez', 'm', 'Direccion 70', '03757-427204', NULL  , '1966-03-08', '1999-08-04');
INSERT INTO ALUMNOS (DNI, NOMBRE, APELLIDO1, SEXO, DIRECCION, TELEFONO, EMAIL, FECHA_NACIMIENTO, FECHA_PRIM_MATRICULA) VALUES
	(10513458, 'Armando', 'Rodriguez', 'm', 'Direccion 71', '03768-427016', 'A.Rodriguez@isvd.edu.ar', '1975-09-25', '2004-07-26');
INSERT INTO ALUMNOS (DNI, NOMBRE, APELLIDO1, SEXO, DIRECCION, TELEFONO, EMAIL, FECHA_NACIMIENTO, FECHA_PRIM_MATRICULA) VALUES
	(33851528, 'Fernando', 'Gutierrez', 'm', 'Direccion 72', '03749-435996', 'F.Gutierrez@isvd.edu.ar', '1953-09-21', '1998-10-01');
INSERT INTO ALUMNOS (DNI, NOMBRE, APELLIDO1, SEXO, DIRECCION, TELEFONO, EMAIL, FECHA_NACIMIENTO, FECHA_PRIM_MATRICULA) VALUES
	(30413587, 'Fabiana', 'Saavedra', 'f', 'Direccion 73', '03752-446304', 'F.Saavedra@isvd.edu.ar', '1961-05-21', '2006-08-25');
INSERT INTO ALUMNOS (DNI, NOMBRE, APELLIDO1, SEXO, DIRECCION, TELEFONO, EMAIL, FECHA_NACIMIENTO, FECHA_PRIM_MATRICULA) VALUES
	(16322367, 'Nestor', 'Marquez', 'm', 'Direccion 74', '03714-476913', 'N.Marquez@isvd.edu.ar', '1950-09-14', '1999-09-03');
INSERT INTO ALUMNOS (DNI, NOMBRE, APELLIDO1, SEXO, DIRECCION, TELEFONO, EMAIL, FECHA_NACIMIENTO, FECHA_PRIM_MATRICULA) VALUES
	(10645054, '', 'Espinola', 'f', 'Direccion 75', '03750-481625', '', '1963-02-27', '2002-08-04');
INSERT INTO ALUMNOS (DNI, NOMBRE, APELLIDO1, SEXO, DIRECCION, TELEFONO, EMAIL, FECHA_NACIMIENTO, FECHA_PRIM_MATRICULA) VALUES
	(15661397, 'Gabriela', 'Prado', 'f', 'Direccion 76', '03734-498532', 'G.Prado@isvd.edu.ar', '1973-07-22', '1998-06-25');
INSERT INTO ALUMNOS (DNI, NOMBRE, APELLIDO1, SEXO, DIRECCION, TELEFONO, EMAIL, FECHA_NACIMIENTO, FECHA_PRIM_MATRICULA) VALUES
	(21873318, 'Emanuel', 'Martinez', 'm', 'Direccion 77', '03750-458358', 'E.Martinez@isvd.edu.ar', '1984-10-21', '2002-02-01');
INSERT INTO ALUMNOS (DNI, NOMBRE, APELLIDO1, SEXO, DIRECCION, TELEFONO, EMAIL, FECHA_NACIMIENTO, FECHA_PRIM_MATRICULA) VALUES
	(33930784, 'Andrea', 'Heredia', 'f', 'Direccion 78', '03749-469210', 'A.Heredia@isvd.edu.ar', '1977-02-09', '2008-02-17');
INSERT INTO ALUMNOS (DNI, NOMBRE, APELLIDO1, SEXO, DIRECCION, TELEFONO, EMAIL, FECHA_NACIMIENTO, FECHA_PRIM_MATRICULA) VALUES
	(27875881, 'Eduardo', 'Martinez', 'm', 'Direccion 79', '03750-435251', 'E.Martinez@isvd.edu.ar', '1972-06-18', '2004-11-15');
INSERT INTO ALUMNOS (DNI, NOMBRE, APELLIDO1, SEXO, DIRECCION, TELEFONO, EMAIL, FECHA_NACIMIENTO, FECHA_PRIM_MATRICULA) VALUES
	(31912733, 'Alejandro', 'Fernandez', 'm', 'Direccion 80', '03788-466766', 'A.Fernandez@isvd.edu.ar', '1971-10-11', '2000-12-16');
INSERT INTO ALUMNOS (DNI, NOMBRE, APELLIDO1, SEXO, DIRECCION, TELEFONO, EMAIL, FECHA_NACIMIENTO, FECHA_PRIM_MATRICULA) VALUES
	(20582034, 'Damian', 'Heredia', 'm', 'Direccion 81', '03711-459119', 'D.Heredia@isvd.edu.ar', '1970-08-02', '1998-06-11');
INSERT INTO ALUMNOS (DNI, NOMBRE, APELLIDO1, SEXO, DIRECCION, TELEFONO, EMAIL, FECHA_NACIMIENTO, FECHA_PRIM_MATRICULA) VALUES
	(10553086, 'Yanina', 'Saavedra', 'f', 'Direccion 82', '03726-458162', 'Y.Saavedra@isvd.edu.ar', '1973-09-28', '2005-12-10');
INSERT INTO ALUMNOS (DNI, NOMBRE, APELLIDO1, SEXO, DIRECCION, TELEFONO, EMAIL, FECHA_NACIMIENTO, FECHA_PRIM_MATRICULA) VALUES
	(23424055, 'Mirta', 'Caminos', 'f', 'Direccion 83', '03738-429504', 'M.Caminos@isvd.edu.ar', '1955-01-03', '2004-04-10');
INSERT INTO ALUMNOS (DNI, NOMBRE, APELLIDO1, SEXO, DIRECCION, TELEFONO, EMAIL, FECHA_NACIMIENTO, FECHA_PRIM_MATRICULA) VALUES
	(34217903, 'Diego', 'Irrazabal', 'm', 'Direccion 84', '03722-489211', NULL  , '1976-11-12', '2005-02-22');
INSERT INTO ALUMNOS (DNI, NOMBRE, APELLIDO1, SEXO, DIRECCION, TELEFONO, EMAIL, FECHA_NACIMIENTO, FECHA_PRIM_MATRICULA) VALUES
	(11994659, 'Marina', 'Heredia', 'f', 'Direccion 85', '03793-453394', 'M.Heredia@isvd.edu.ar', '1967-07-12', '2009-11-19');
INSERT INTO ALUMNOS (DNI, NOMBRE, APELLIDO1, SEXO, DIRECCION, TELEFONO, EMAIL, FECHA_NACIMIENTO, FECHA_PRIM_MATRICULA) VALUES
	(24254006, 'Juan', 'Alvarez', 'm', 'Direccion 86', '03728-484237', 'J.Alvarez@isvd.edu.ar', '1951-07-09', '1999-07-06');
INSERT INTO ALUMNOS (DNI, NOMBRE, APELLIDO1, SEXO, DIRECCION, TELEFONO, EMAIL, FECHA_NACIMIENTO, FECHA_PRIM_MATRICULA) VALUES
	(21528626, 'Juliana', 'Diaz', 'f', 'Direccion 87', '03715-489887', 'J.Diaz@isvd.edu.ar', '1958-05-10', '2006-10-14');
INSERT INTO ALUMNOS (DNI, NOMBRE, APELLIDO1, SEXO, DIRECCION, TELEFONO, EMAIL, FECHA_NACIMIENTO, FECHA_PRIM_MATRICULA) VALUES
	(33380475, 'Mariana', 'Saavedra', 'f', 'Direccion 88', '03768-455784', 'M.Saavedra@isvd.edu.ar', '1983-09-20', '2004-07-21');
INSERT INTO ALUMNOS (DNI, NOMBRE, APELLIDO1, SEXO, DIRECCION, TELEFONO, EMAIL, FECHA_NACIMIENTO, FECHA_PRIM_MATRICULA) VALUES
	(24681692, 'Andrea', 'Lopez', 'f', 'Direccion 89', '03758-484889', 'A.Lopez@isvd.edu.ar', '1962-09-26', '2008-04-14');
INSERT INTO ALUMNOS (DNI, NOMBRE, APELLIDO1, SEXO, DIRECCION, TELEFONO, EMAIL, FECHA_NACIMIENTO, FECHA_PRIM_MATRICULA) VALUES
	(20875881, 'Felix', 'Guevara', 'm', 'Direccion 90', '03740-484303', NULL  , '1969-08-10', '1998-03-23');
INSERT INTO ALUMNOS (DNI, NOMBRE, APELLIDO1, SEXO, DIRECCION, TELEFONO, EMAIL, FECHA_NACIMIENTO, FECHA_PRIM_MATRICULA) VALUES
	(20636616, 'Carina', 'Meyer', 'f', 'Direccion 91', '03747-435806', 'C.Meyer@isvd.edu.ar', '1962-08-08', '2003-05-22');
INSERT INTO ALUMNOS (DNI, NOMBRE, APELLIDO1, SEXO, DIRECCION, TELEFONO, EMAIL, FECHA_NACIMIENTO, FECHA_PRIM_MATRICULA) VALUES
	(10585985, 'Adriana', 'Sanmartin', 'f', 'Direccion 92', '03718-467816', 'A.Sanmartin@isvd.edu.ar', '1954-08-23', '2000-12-16');
INSERT INTO ALUMNOS (DNI, NOMBRE, APELLIDO1, SEXO, DIRECCION, TELEFONO, EMAIL, FECHA_NACIMIENTO, FECHA_PRIM_MATRICULA) VALUES
	(17012497, 'Marina', 'Sanmartin', 'f', 'Direccion 93', '03719-466222', 'M.Sanmartin@isvd.edu.ar', '1950-12-26', '1999-11-18');
INSERT INTO ALUMNOS (DNI, NOMBRE, APELLIDO1, SEXO, DIRECCION, TELEFONO, EMAIL, FECHA_NACIMIENTO, FECHA_PRIM_MATRICULA) VALUES
	(19241401, 'Pedro', 'Gutierrez', 'm', 'Direccion 94', '03772-441638', 'P.Gutierrez@isvd.edu.ar', '1964-02-10', '2006-01-22');
INSERT INTO ALUMNOS (DNI, NOMBRE, APELLIDO1, SEXO, DIRECCION, TELEFONO, EMAIL, FECHA_NACIMIENTO, FECHA_PRIM_MATRICULA) VALUES
	(27091540, 'Felix', 'Espinola', 'm', 'Direccion 95', '03731-430583', 'F.Espinola@isvd.edu.ar', '1957-10-12', '2004-10-15');
INSERT INTO ALUMNOS (DNI, NOMBRE, APELLIDO1, SEXO, DIRECCION, TELEFONO, EMAIL, FECHA_NACIMIENTO, FECHA_PRIM_MATRICULA) VALUES
	(24587481, 'Carlos', 'Ortiz', 'm', 'Direccion 96', '03761-428034', 'C.Ortiz@isvd.edu.ar', '1961-03-01', '2005-08-14');
INSERT INTO ALUMNOS (DNI, NOMBRE, APELLIDO1, SEXO, DIRECCION, TELEFONO, EMAIL, FECHA_NACIMIENTO, FECHA_PRIM_MATRICULA) VALUES
	(33350567, 'Sabrina', 'Garcia', 'f', 'Direccion 97', '03722-488910', 'S.Garcia@isvd.edu.ar', '1972-06-26', '2001-04-12');
INSERT INTO ALUMNOS (DNI, NOMBRE, APELLIDO1, SEXO, DIRECCION, TELEFONO, EMAIL, FECHA_NACIMIENTO, FECHA_PRIM_MATRICULA) VALUES
	(22330164, 'Mariana', 'Lopez', 'f', 'Direccion 98', '03799-455931', 'M.Lopez@isvd.edu.ar', '1951-02-23', '2008-03-04');
INSERT INTO ALUMNOS (DNI, NOMBRE, APELLIDO1, SEXO, DIRECCION, TELEFONO, EMAIL, FECHA_NACIMIENTO, FECHA_PRIM_MATRICULA) VALUES
	(15317453, 'Julian', 'Arzamendia', 'm', 'Direccion 99', '03785-491447', NULL  , '1976-04-27', '2006-08-21');
INSERT INTO ALUMNOS (DNI, NOMBRE, APELLIDO1, SEXO, DIRECCION, TELEFONO, EMAIL, FECHA_NACIMIENTO, FECHA_PRIM_MATRICULA) VALUES
	(24890301, 'Liliana', 'Baez', 'f', 'Direccion 100', '03713-430581', 'L.Baez@isvd.edu.ar', '1954-04-03', '2000-01-13');
INSERT INTO ALUMNOS (DNI, NOMBRE, APELLIDO1, SEXO, DIRECCION, TELEFONO, EMAIL, FECHA_NACIMIENTO, FECHA_PRIM_MATRICULA) VALUES
	(17230079, 'Julian', 'Gomez', 'm', 'Direccion 101', '03785-493381', 'J.Gomez@isvd.edu.ar', '1952-08-11', '2004-03-04');
INSERT INTO ALUMNOS (DNI, NOMBRE, APELLIDO1, SEXO, DIRECCION, TELEFONO, EMAIL, FECHA_NACIMIENTO, FECHA_PRIM_MATRICULA) VALUES
	(26472442, 'Martina', 'Sanmartin', 'f', 'Direccion 102', '03798-493273', 'M.Sanmartin@isvd.edu.ar', '1968-10-01', '2005-01-22');
INSERT INTO ALUMNOS (DNI, NOMBRE, APELLIDO1, SEXO, DIRECCION, TELEFONO, EMAIL, FECHA_NACIMIENTO, FECHA_PRIM_MATRICULA) VALUES
	(10511215, 'Noel', 'Palacios', 'm', 'Direccion 103', '03746-479518', NULL  , '1969-01-11', '2006-11-17');
INSERT INTO ALUMNOS (DNI, NOMBRE, APELLIDO1, SEXO, DIRECCION, TELEFONO, EMAIL, FECHA_NACIMIENTO, FECHA_PRIM_MATRICULA) VALUES
	(32444350, 'Felix', 'Dalmaso', 'm', 'Direccion 104', '03764-430998', NULL  , '1985-08-06', '2003-07-09');
INSERT INTO ALUMNOS (DNI, NOMBRE, APELLIDO1, SEXO, DIRECCION, TELEFONO, EMAIL, FECHA_NACIMIENTO, FECHA_PRIM_MATRICULA) VALUES
	(16554903, 'Fabiana', 'Dalmaso', 'f', 'Direccion 105', '03753-498969', 'F.Dalmaso@isvd.edu.ar', '1966-11-19', '2008-05-12');
INSERT INTO ALUMNOS (DNI, NOMBRE, APELLIDO1, SEXO, DIRECCION, TELEFONO, EMAIL, FECHA_NACIMIENTO, FECHA_PRIM_MATRICULA) VALUES
	(30533220, 'Juliana', 'Lopez', 'f', 'Direccion 106', '03781-456160', 'J.Lopez@isvd.edu.ar', '1965-08-07', '2003-10-19');
INSERT INTO ALUMNOS (DNI, NOMBRE, APELLIDO1, SEXO, DIRECCION, TELEFONO, EMAIL, FECHA_NACIMIENTO, FECHA_PRIM_MATRICULA) VALUES
	(24327281, 'Hilda', 'Alvarez', 'f', 'Direccion 107', '03740-489840', 'H.Alvarez@isvd.edu.ar', '1961-03-18', '1999-04-21');
INSERT INTO ALUMNOS (DNI, NOMBRE, APELLIDO1, SEXO, DIRECCION, TELEFONO, EMAIL, FECHA_NACIMIENTO, FECHA_PRIM_MATRICULA) VALUES
	(26328135, 'Sabrina', 'Palacios', 'f', 'Direccion 108', '03711-476239', 'S.Palacios@isvd.edu.ar', '1974-11-23', '2007-07-09');
INSERT INTO ALUMNOS (DNI, NOMBRE, APELLIDO1, SEXO, DIRECCION, TELEFONO, EMAIL, FECHA_NACIMIENTO, FECHA_PRIM_MATRICULA) VALUES
	(21278146, 'Soledad', 'Gutierrez', 'f', 'Direccion 109', '03773-433913', 'S.Gutierrez@isvd.edu.ar', '1964-09-26', '2003-05-17');
INSERT INTO ALUMNOS (DNI, NOMBRE, APELLIDO1, SEXO, DIRECCION, TELEFONO, EMAIL, FECHA_NACIMIENTO, FECHA_PRIM_MATRICULA) VALUES
	(20601474, 'Lucas', 'Prado', 'm', 'Direccion 110', '03736-493498', 'L.Prado@isvd.edu.ar', '1984-12-12', '2006-10-11');
INSERT INTO ALUMNOS (DNI, NOMBRE, APELLIDO1, SEXO, DIRECCION, TELEFONO, EMAIL, FECHA_NACIMIENTO, FECHA_PRIM_MATRICULA) VALUES
	(15064729, 'Pamela', 'Arzamendia', 'f', 'Direccion 111', '03767-441350', 'P.Arzamendia@isvd.edu.ar', '1963-03-22', '2002-08-21');
INSERT INTO ALUMNOS (DNI, NOMBRE, APELLIDO1, SEXO, DIRECCION, TELEFONO, EMAIL, FECHA_NACIMIENTO, FECHA_PRIM_MATRICULA) VALUES
	(26438795, 'Dolores', 'Longobardi', 'f', 'Direccion 112', '03789-454656', 'D.Longobardi@isvd.edu.ar', '1973-07-17', '2002-04-12');
INSERT INTO ALUMNOS (DNI, NOMBRE, APELLIDO1, SEXO, DIRECCION, TELEFONO, EMAIL, FECHA_NACIMIENTO, FECHA_PRIM_MATRICULA) VALUES
	(21592181, 'Marcia', 'Sarmiento', 'f', 'Direccion 113', '03795-445362', 'M.Sarmiento@isvd.edu.ar', '1961-08-24', '2001-08-01');
INSERT INTO ALUMNOS (DNI, NOMBRE, APELLIDO1, SEXO, DIRECCION, TELEFONO, EMAIL, FECHA_NACIMIENTO, FECHA_PRIM_MATRICULA) VALUES
	(28180197, 'Maria', 'Martinez', 'f', 'Direccion 114', '03755-430591', NULL  , '1968-07-02', '1998-11-11');
INSERT INTO ALUMNOS (DNI, NOMBRE, APELLIDO1, SEXO, DIRECCION, TELEFONO, EMAIL, FECHA_NACIMIENTO, FECHA_PRIM_MATRICULA) VALUES
	(19356548, 'Bernardo', 'Oreiro', 'm', 'Direccion 115', '03737-466905', 'B.Oreiro@isvd.edu.ar', '1971-06-25', '1999-02-12');
INSERT INTO ALUMNOS (DNI, NOMBRE, APELLIDO1, SEXO, DIRECCION, TELEFONO, EMAIL, FECHA_NACIMIENTO, FECHA_PRIM_MATRICULA) VALUES
	(29178381, 'Soledad', 'Oreiro', 'f', 'Direccion 116', '03730-486015', 'S.Oreiro@isvd.edu.ar', '1967-09-05', '1999-09-19');
INSERT INTO ALUMNOS (DNI, NOMBRE, APELLIDO1, SEXO, DIRECCION, TELEFONO, EMAIL, FECHA_NACIMIENTO, FECHA_PRIM_MATRICULA) VALUES
	(17115680, 'Tatiana', 'Cardozo', 'f', 'Direccion 117', '03787-489367', 'T.Cardozo@isvd.edu.ar', '1950-07-20', '2002-05-16');
INSERT INTO ALUMNOS (DNI, NOMBRE, APELLIDO1, SEXO, DIRECCION, TELEFONO, EMAIL, FECHA_NACIMIENTO, FECHA_PRIM_MATRICULA) VALUES
	(16865947, 'Leticia', 'Arzamendia', 'f', 'Direccion 118', '03796-479161', 'L.Arzamendia@isvd.edu.ar', '1984-07-06', '2005-09-11');
INSERT INTO ALUMNOS (DNI, NOMBRE, APELLIDO1, SEXO, DIRECCION, TELEFONO, EMAIL, FECHA_NACIMIENTO, FECHA_PRIM_MATRICULA) VALUES
	(14355907, 'Carina', 'Torres', 'f', 'Direccion 119', '03769-423254', 'C.Torres@isvd.edu.ar', '1959-06-03', '2009-01-06');
INSERT INTO ALUMNOS (DNI, NOMBRE, APELLIDO1, SEXO, DIRECCION, TELEFONO, EMAIL, FECHA_NACIMIENTO, FECHA_PRIM_MATRICULA) VALUES
	(16638645, 'Andres', 'Alvarez', 'm', 'Direccion 120', '03771-431482', 'A.Alvarez@isvd.edu.ar', '1987-12-04', '2002-04-17');
INSERT INTO ALUMNOS (DNI, NOMBRE, APELLIDO1, SEXO, DIRECCION, TELEFONO, EMAIL, FECHA_NACIMIENTO, FECHA_PRIM_MATRICULA) VALUES
	(26083636, 'Josefa', 'Alvarez', 'f', 'Direccion 121', '03761-480885', 'J.Alvarez@isvd.edu.ar', '1983-05-04', '1998-01-25');
INSERT INTO ALUMNOS (DNI, NOMBRE, APELLIDO1, SEXO, DIRECCION, TELEFONO, EMAIL, FECHA_NACIMIENTO, FECHA_PRIM_MATRICULA) VALUES
	(14044862, 'Sabrina', 'Meyer', 'f', 'Direccion 122', '03718-427329', 'S.Meyer@isvd.edu.ar', '1988-01-05', '2006-02-25');
INSERT INTO ALUMNOS (DNI, NOMBRE, APELLIDO1, SEXO, DIRECCION, TELEFONO, EMAIL, FECHA_NACIMIENTO, FECHA_PRIM_MATRICULA) VALUES
	(24923948, 'Andres', 'Longobardi', 'm', 'Direccion 123', '03782-441062', 'A.Longobardi@isvd.edu.ar', '1953-03-08', '2003-07-16');
INSERT INTO ALUMNOS (DNI, NOMBRE, APELLIDO1, SEXO, DIRECCION, TELEFONO, EMAIL, FECHA_NACIMIENTO, FECHA_PRIM_MATRICULA) VALUES
	(14794808, 'Martina', 'Longobardi', 'f', 'Direccion 124', '03713-443640', 'M.Longobardi@isvd.edu.ar', '1951-05-23', '1999-11-19');
INSERT INTO ALUMNOS (DNI, NOMBRE, APELLIDO1, SEXO, DIRECCION, TELEFONO, EMAIL, FECHA_NACIMIENTO, FECHA_PRIM_MATRICULA) VALUES
	(21030656, 'Dario', 'Torres', 'm', 'Direccion 125', '03725-443780', 'D.Torres@isvd.edu.ar', '1963-03-27', '2001-10-23');
INSERT INTO ALUMNOS (DNI, NOMBRE, APELLIDO1, SEXO, DIRECCION, TELEFONO, EMAIL, FECHA_NACIMIENTO, FECHA_PRIM_MATRICULA) VALUES
	(22076693, 'Damian', 'Ortiz', 'm', 'Direccion 126', '03759-429626', 'D.Ortiz@isvd.edu.ar', '1973-07-16', '2009-12-08');
INSERT INTO ALUMNOS (DNI, NOMBRE, APELLIDO1, SEXO, DIRECCION, TELEFONO, EMAIL, FECHA_NACIMIENTO, FECHA_PRIM_MATRICULA) VALUES
	(34816813, '', 'Perez', 'f', 'Direccion 127', '03788-434895', '', '1988-09-28', '2004-10-10');
INSERT INTO ALUMNOS (DNI, NOMBRE, APELLIDO1, SEXO, DIRECCION, TELEFONO, EMAIL, FECHA_NACIMIENTO, FECHA_PRIM_MATRICULA) VALUES
	(29188849, 'Maria', 'Ortiz', 'f', 'Direccion 128', '03750-476466', 'M.Ortiz@isvd.edu.ar', '1967-04-06', '2003-08-12');
INSERT INTO ALUMNOS (DNI, NOMBRE, APELLIDO1, SEXO, DIRECCION, TELEFONO, EMAIL, FECHA_NACIMIENTO, FECHA_PRIM_MATRICULA) VALUES
	(11481734, 'Alejandra', 'Sarmiento', 'f', 'Direccion 129', '03711-420825', 'A.Sarmiento@isvd.edu.ar', '1955-10-07', '2005-12-22');
INSERT INTO ALUMNOS (DNI, NOMBRE, APELLIDO1, SEXO, DIRECCION, TELEFONO, EMAIL, FECHA_NACIMIENTO, FECHA_PRIM_MATRICULA) VALUES
	(27481094, 'Alejandro', 'Ortiz', 'm', 'Direccion 130', '03768-436982', 'A.Ortiz@isvd.edu.ar', '1967-05-28', '2005-08-13');
INSERT INTO ALUMNOS (DNI, NOMBRE, APELLIDO1, SEXO, DIRECCION, TELEFONO, EMAIL, FECHA_NACIMIENTO, FECHA_PRIM_MATRICULA) VALUES
	(20373424, 'Teresa', 'Hidalgo', 'f', 'Direccion 131', '03759-493232', 'T.Hidalgo@isvd.edu.ar', '1982-04-11', '2000-05-05');
INSERT INTO ALUMNOS (DNI, NOMBRE, APELLIDO1, SEXO, DIRECCION, TELEFONO, EMAIL, FECHA_NACIMIENTO, FECHA_PRIM_MATRICULA) VALUES
	(29614292, 'Hilda', 'Sabina', 'f', 'Direccion 132', '03796-435347', 'H.Sabina@isvd.edu.ar', '1979-03-25', '2007-02-04');
INSERT INTO ALUMNOS (DNI, NOMBRE, APELLIDO1, SEXO, DIRECCION, TELEFONO, EMAIL, FECHA_NACIMIENTO, FECHA_PRIM_MATRICULA) VALUES
	(28639287, 'Gabriela', 'Sabina', 'f', 'Direccion 133', '03722-463700', 'G.Sabina@isvd.edu.ar', '1987-11-26', '2005-11-04');
INSERT INTO ALUMNOS (DNI, NOMBRE, APELLIDO1, SEXO, DIRECCION, TELEFONO, EMAIL, FECHA_NACIMIENTO, FECHA_PRIM_MATRICULA) VALUES
	(34626149, 'Ian', 'Ortiz', 'm', 'Direccion 134', '03773-426743', 'I.Ortiz@isvd.edu.ar', '1985-10-05', '2000-03-03');
INSERT INTO ALUMNOS (DNI, NOMBRE, APELLIDO1, SEXO, DIRECCION, TELEFONO, EMAIL, FECHA_NACIMIENTO, FECHA_PRIM_MATRICULA) VALUES
	(33206260, 'Felix', 'Alvarez', 'm', 'Direccion 135', '03739-468443', 'F.Alvarez@isvd.edu.ar', '1973-11-02', '2003-11-21');
INSERT INTO ALUMNOS (DNI, NOMBRE, APELLIDO1, SEXO, DIRECCION, TELEFONO, EMAIL, FECHA_NACIMIENTO, FECHA_PRIM_MATRICULA) VALUES
	(32811472, 'Claudia', 'Meyer', 'f', 'Direccion 136', '03779-487082', 'C.Meyer@isvd.edu.ar', '1958-07-23', '2002-09-28');
INSERT INTO ALUMNOS (DNI, NOMBRE, APELLIDO1, SEXO, DIRECCION, TELEFONO, EMAIL, FECHA_NACIMIENTO, FECHA_PRIM_MATRICULA) VALUES
	(12067186, 'Fabiana', 'Sarmiento', 'f', 'Direccion 137', '03764-462982', 'F.Sarmiento@isvd.edu.ar', '1965-05-26', '1999-02-18');
INSERT INTO ALUMNOS (DNI, NOMBRE, APELLIDO1, SEXO, DIRECCION, TELEFONO, EMAIL, FECHA_NACIMIENTO, FECHA_PRIM_MATRICULA) VALUES
	(25916898, 'Armando', 'Olmedo', 'm', 'Direccion 138', '03748-472657', 'A.Olmedo@isvd.edu.ar', '1953-07-15', '2007-03-02');
INSERT INTO ALUMNOS (DNI, NOMBRE, APELLIDO1, SEXO, DIRECCION, TELEFONO, EMAIL, FECHA_NACIMIENTO, FECHA_PRIM_MATRICULA) VALUES
	(13380901, 'Daniela', 'Rodriguez', 'f', 'Direccion 139', '03792-446824', 'D.Rodriguez@isvd.edu.ar', '1950-08-25', '1998-01-10');
INSERT INTO ALUMNOS (DNI, NOMBRE, APELLIDO1, SEXO, DIRECCION, TELEFONO, EMAIL, FECHA_NACIMIENTO, FECHA_PRIM_MATRICULA) VALUES
	(13647084, 'Dolores', 'Denis', 'f', 'Direccion 140', '03770-489867', 'D.Denis@isvd.edu.ar', '1975-09-06', '2008-11-16');
INSERT INTO ALUMNOS (DNI, NOMBRE, APELLIDO1, SEXO, DIRECCION, TELEFONO, EMAIL, FECHA_NACIMIENTO, FECHA_PRIM_MATRICULA) VALUES
	(14883785, 'Carla', 'Caminos', 'f', 'Direccion 141', '03791-458165', 'C.Caminos@isvd.edu.ar', '1981-04-24', '1999-03-18');
INSERT INTO ALUMNOS (DNI, NOMBRE, APELLIDO1, SEXO, DIRECCION, TELEFONO, EMAIL, FECHA_NACIMIENTO, FECHA_PRIM_MATRICULA) VALUES
	(19981628, 'German', 'Rodriguez', 'm', 'Direccion 142', '03735-494875', 'G.Rodriguez@isvd.edu.ar', '1968-03-08', '2009-09-19');
INSERT INTO ALUMNOS (DNI, NOMBRE, APELLIDO1, SEXO, DIRECCION, TELEFONO, EMAIL, FECHA_NACIMIENTO, FECHA_PRIM_MATRICULA) VALUES
	(19113544, 'Hilda', 'Palacios', 'f', 'Direccion 143', '03772-498566', NULL  , '1969-10-27', '2004-02-03');
INSERT INTO ALUMNOS (DNI, NOMBRE, APELLIDO1, SEXO, DIRECCION, TELEFONO, EMAIL, FECHA_NACIMIENTO, FECHA_PRIM_MATRICULA) VALUES
	(12307199, 'Andres', 'Ortiz', 'm', 'Direccion 144', '03746-463309', 'A.Ortiz@isvd.edu.ar', '1961-10-13', '1999-11-03');
INSERT INTO ALUMNOS (DNI, NOMBRE, APELLIDO1, SEXO, DIRECCION, TELEFONO, EMAIL, FECHA_NACIMIENTO, FECHA_PRIM_MATRICULA) VALUES
	(16946699, 'Marcos', 'Hidalgo', 'm', 'Direccion 145', '03740-467645', 'M.Hidalgo@isvd.edu.ar', '1956-06-28', '2000-02-17');
INSERT INTO ALUMNOS (DNI, NOMBRE, APELLIDO1, SEXO, DIRECCION, TELEFONO, EMAIL, FECHA_NACIMIENTO, FECHA_PRIM_MATRICULA) VALUES
	(31861141, 'Alberto', 'Espinola', 'm', 'Direccion 146', '03786-489955', 'A.Espinola@isvd.edu.ar', '1988-08-07', '2009-11-08');
INSERT INTO ALUMNOS (DNI, NOMBRE, APELLIDO1, SEXO, DIRECCION, TELEFONO, EMAIL, FECHA_NACIMIENTO, FECHA_PRIM_MATRICULA) VALUES
	(15449049, 'Martin', 'Gimenez', 'm', 'Direccion 147', '03794-427763', 'M.Gimenez@isvd.edu.ar', '1953-11-12', '2008-06-10');
INSERT INTO ALUMNOS (DNI, NOMBRE, APELLIDO1, SEXO, DIRECCION, TELEFONO, EMAIL, FECHA_NACIMIENTO, FECHA_PRIM_MATRICULA) VALUES
	(20983550, 'Liliana', 'Prado', 'f', 'Direccion 148', '03711-498427', 'L.Prado@isvd.edu.ar', '1974-10-28', '2000-07-02');
INSERT INTO ALUMNOS (DNI, NOMBRE, APELLIDO1, SEXO, DIRECCION, TELEFONO, EMAIL, FECHA_NACIMIENTO, FECHA_PRIM_MATRICULA) VALUES
	(32038347, 'Alberto', 'Heredia', 'm', 'Direccion 149', '03739-478722', 'A.Heredia@isvd.edu.ar', '1950-05-02', '2009-12-13');


--------------------------[ IMPARTIR (  100 ) ]--------------------------
INSERT INTO IMPARTIR (PROFESOR, ASIGNATURA, TURNO, CARGA_CREDITOS) VALUES
	(15, 151, 'B', 2);
INSERT INTO IMPARTIR (PROFESOR, ASIGNATURA, TURNO, CARGA_CREDITOS) VALUES
	(10, 114, 'A', 4);
INSERT INTO IMPARTIR (PROFESOR, ASIGNATURA, TURNO, CARGA_CREDITOS) VALUES
	(1, 122, 'A', 3);
INSERT INTO IMPARTIR (PROFESOR, ASIGNATURA, TURNO, CARGA_CREDITOS) VALUES
	(11, 145, 'A', 4);
INSERT INTO IMPARTIR (PROFESOR, ASIGNATURA, TURNO, CARGA_CREDITOS) VALUES
	(5, 118, 'A', 2);
INSERT INTO IMPARTIR (PROFESOR, ASIGNATURA, TURNO, CARGA_CREDITOS) VALUES
	(10, 110, 'B', 1);
INSERT INTO IMPARTIR (PROFESOR, ASIGNATURA, TURNO, CARGA_CREDITOS) VALUES
	(11, 116, 'B', 1);
INSERT INTO IMPARTIR (PROFESOR, ASIGNATURA, TURNO, CARGA_CREDITOS) VALUES
	(3, 113, 'B', 3);
INSERT INTO IMPARTIR (PROFESOR, ASIGNATURA, TURNO, CARGA_CREDITOS) VALUES
	(6, 114, 'A', 1);
INSERT INTO IMPARTIR (PROFESOR, ASIGNATURA, TURNO, CARGA_CREDITOS) VALUES
	(2, 119, 'A', 2);
INSERT INTO IMPARTIR (PROFESOR, ASIGNATURA, TURNO, CARGA_CREDITOS) VALUES
	(4, 147, 'A', 2);
INSERT INTO IMPARTIR (PROFESOR, ASIGNATURA, TURNO, CARGA_CREDITOS) VALUES
	(18, 152, 'B', 3);
INSERT INTO IMPARTIR (PROFESOR, ASIGNATURA, TURNO, CARGA_CREDITOS) VALUES
	(18, 155, 'A', 3);
INSERT INTO IMPARTIR (PROFESOR, ASIGNATURA, TURNO, CARGA_CREDITOS) VALUES
	(3, 127, 'A', 5);
INSERT INTO IMPARTIR (PROFESOR, ASIGNATURA, TURNO, CARGA_CREDITOS) VALUES
	(9, 119, 'A', 2);
INSERT INTO IMPARTIR (PROFESOR, ASIGNATURA, TURNO, CARGA_CREDITOS) VALUES
	(2, 115, 'A', 3);
INSERT INTO IMPARTIR (PROFESOR, ASIGNATURA, TURNO, CARGA_CREDITOS) VALUES
	(10, 116, 'B', 5);
INSERT INTO IMPARTIR (PROFESOR, ASIGNATURA, TURNO, CARGA_CREDITOS) VALUES
	(1, 135, 'A', 4);
INSERT INTO IMPARTIR (PROFESOR, ASIGNATURA, TURNO, CARGA_CREDITOS) VALUES
	(4, 130, 'B', 3);
INSERT INTO IMPARTIR (PROFESOR, ASIGNATURA, TURNO, CARGA_CREDITOS) VALUES
	(16, 152, 'B', 2);
INSERT INTO IMPARTIR (PROFESOR, ASIGNATURA, TURNO, CARGA_CREDITOS) VALUES
	(5, 125, 'A', 3);
INSERT INTO IMPARTIR (PROFESOR, ASIGNATURA, TURNO, CARGA_CREDITOS) VALUES
	(15, 107, 'B', 4);
INSERT INTO IMPARTIR (PROFESOR, ASIGNATURA, TURNO, CARGA_CREDITOS) VALUES
	(13, 146, 'A', 1);
INSERT INTO IMPARTIR (PROFESOR, ASIGNATURA, TURNO, CARGA_CREDITOS) VALUES
	(18, 154, 'B', 2);
INSERT INTO IMPARTIR (PROFESOR, ASIGNATURA, TURNO, CARGA_CREDITOS) VALUES
	(10, 128, 'A', 5);
INSERT INTO IMPARTIR (PROFESOR, ASIGNATURA, TURNO, CARGA_CREDITOS) VALUES
	(10, 145, 'B', 5);
INSERT INTO IMPARTIR (PROFESOR, ASIGNATURA, TURNO, CARGA_CREDITOS) VALUES
	(10, 121, 'B', 1);
INSERT INTO IMPARTIR (PROFESOR, ASIGNATURA, TURNO, CARGA_CREDITOS) VALUES
	(13, 101, 'B', 2);
INSERT INTO IMPARTIR (PROFESOR, ASIGNATURA, TURNO, CARGA_CREDITOS) VALUES
	(14, 115, 'B', 5);
INSERT INTO IMPARTIR (PROFESOR, ASIGNATURA, TURNO, CARGA_CREDITOS) VALUES
	(2, 105, 'B', 1);
INSERT INTO IMPARTIR (PROFESOR, ASIGNATURA, TURNO, CARGA_CREDITOS) VALUES
	(5, 113, 'A', 1);
INSERT INTO IMPARTIR (PROFESOR, ASIGNATURA, TURNO, CARGA_CREDITOS) VALUES
	(8, 120, 'B', 1);
INSERT INTO IMPARTIR (PROFESOR, ASIGNATURA, TURNO, CARGA_CREDITOS) VALUES
	(10, 132, 'A', 1);
INSERT INTO IMPARTIR (PROFESOR, ASIGNATURA, TURNO, CARGA_CREDITOS) VALUES
	(3, 110, 'A', 2);
INSERT INTO IMPARTIR (PROFESOR, ASIGNATURA, TURNO, CARGA_CREDITOS) VALUES
	(8, 125, 'A', 5);
INSERT INTO IMPARTIR (PROFESOR, ASIGNATURA, TURNO, CARGA_CREDITOS) VALUES
	(13, 103, 'B', 2);
INSERT INTO IMPARTIR (PROFESOR, ASIGNATURA, TURNO, CARGA_CREDITOS) VALUES
	(14, 113, 'B', 5);
INSERT INTO IMPARTIR (PROFESOR, ASIGNATURA, TURNO, CARGA_CREDITOS) VALUES
	(15, 104, 'B', 4);
INSERT INTO IMPARTIR (PROFESOR, ASIGNATURA, TURNO, CARGA_CREDITOS) VALUES
	(5, 112, 'B', 2);
INSERT INTO IMPARTIR (PROFESOR, ASIGNATURA, TURNO, CARGA_CREDITOS) VALUES
	(3, 107, 'B', 5);
INSERT INTO IMPARTIR (PROFESOR, ASIGNATURA, TURNO, CARGA_CREDITOS) VALUES
	(6, 117, 'B', 2);
INSERT INTO IMPARTIR (PROFESOR, ASIGNATURA, TURNO, CARGA_CREDITOS) VALUES
	(13, 143, 'A', 5);
INSERT INTO IMPARTIR (PROFESOR, ASIGNATURA, TURNO, CARGA_CREDITOS) VALUES
	(16, 155, 'B', 3);
INSERT INTO IMPARTIR (PROFESOR, ASIGNATURA, TURNO, CARGA_CREDITOS) VALUES
	(11, 134, 'B', 1);
INSERT INTO IMPARTIR (PROFESOR, ASIGNATURA, TURNO, CARGA_CREDITOS) VALUES
	(11, 110, 'B', 5);
INSERT INTO IMPARTIR (PROFESOR, ASIGNATURA, TURNO, CARGA_CREDITOS) VALUES
	(12, 121, 'A', 4);
INSERT INTO IMPARTIR (PROFESOR, ASIGNATURA, TURNO, CARGA_CREDITOS) VALUES
	(10, 133, 'B', 4);
INSERT INTO IMPARTIR (PROFESOR, ASIGNATURA, TURNO, CARGA_CREDITOS) VALUES
	(2, 137, 'B', 3);
INSERT INTO IMPARTIR (PROFESOR, ASIGNATURA, TURNO, CARGA_CREDITOS) VALUES
	(4, 138, 'B', 1);
INSERT INTO IMPARTIR (PROFESOR, ASIGNATURA, TURNO, CARGA_CREDITOS) VALUES
	(1, 112, 'A', 5);
INSERT INTO IMPARTIR (PROFESOR, ASIGNATURA, TURNO, CARGA_CREDITOS) VALUES
	(2, 120, 'B', 1);
INSERT INTO IMPARTIR (PROFESOR, ASIGNATURA, TURNO, CARGA_CREDITOS) VALUES
	(3, 146, 'A', 3);
INSERT INTO IMPARTIR (PROFESOR, ASIGNATURA, TURNO, CARGA_CREDITOS) VALUES
	(8, 111, 'B', 3);
INSERT INTO IMPARTIR (PROFESOR, ASIGNATURA, TURNO, CARGA_CREDITOS) VALUES
	(18, 154, 'B', 4);
INSERT INTO IMPARTIR (PROFESOR, ASIGNATURA, TURNO, CARGA_CREDITOS) VALUES
	(9, 116, 'B', 2);
INSERT INTO IMPARTIR (PROFESOR, ASIGNATURA, TURNO, CARGA_CREDITOS) VALUES
	(17, 154, 'B', 4);
INSERT INTO IMPARTIR (PROFESOR, ASIGNATURA, TURNO, CARGA_CREDITOS) VALUES
	(1, 145, 'A', 3);
INSERT INTO IMPARTIR (PROFESOR, ASIGNATURA, TURNO, CARGA_CREDITOS) VALUES
	(2, 145, 'A', 2);
INSERT INTO IMPARTIR (PROFESOR, ASIGNATURA, TURNO, CARGA_CREDITOS) VALUES
	(10, 106, 'B', 2);
INSERT INTO IMPARTIR (PROFESOR, ASIGNATURA, TURNO, CARGA_CREDITOS) VALUES
	(15, 131, 'A', 1);
INSERT INTO IMPARTIR (PROFESOR, ASIGNATURA, TURNO, CARGA_CREDITOS) VALUES
	(14, 126, 'A', 5);
INSERT INTO IMPARTIR (PROFESOR, ASIGNATURA, TURNO, CARGA_CREDITOS) VALUES
	(10, 127, 'A', 2);
INSERT INTO IMPARTIR (PROFESOR, ASIGNATURA, TURNO, CARGA_CREDITOS) VALUES
	(3, 125, 'B', 2);
INSERT INTO IMPARTIR (PROFESOR, ASIGNATURA, TURNO, CARGA_CREDITOS) VALUES
	(9, 139, 'A', 5);
INSERT INTO IMPARTIR (PROFESOR, ASIGNATURA, TURNO, CARGA_CREDITOS) VALUES
	(5, 100, 'B', 5);
INSERT INTO IMPARTIR (PROFESOR, ASIGNATURA, TURNO, CARGA_CREDITOS) VALUES
	(5, 128, 'A', 3);
INSERT INTO IMPARTIR (PROFESOR, ASIGNATURA, TURNO, CARGA_CREDITOS) VALUES
	(16, 153, 'B', 3);
INSERT INTO IMPARTIR (PROFESOR, ASIGNATURA, TURNO, CARGA_CREDITOS) VALUES
	(13, 118, 'A', 3);
INSERT INTO IMPARTIR (PROFESOR, ASIGNATURA, TURNO, CARGA_CREDITOS) VALUES
	(2, 120, 'A', 5);
INSERT INTO IMPARTIR (PROFESOR, ASIGNATURA, TURNO, CARGA_CREDITOS) VALUES
	(7, 112, 'B', 4);
INSERT INTO IMPARTIR (PROFESOR, ASIGNATURA, TURNO, CARGA_CREDITOS) VALUES
	(11, 120, 'A', 1);
INSERT INTO IMPARTIR (PROFESOR, ASIGNATURA, TURNO, CARGA_CREDITOS) VALUES
	(9, 112, 'B', 1);
INSERT INTO IMPARTIR (PROFESOR, ASIGNATURA, TURNO, CARGA_CREDITOS) VALUES
	(13, 137, 'B', 1);
INSERT INTO IMPARTIR (PROFESOR, ASIGNATURA, TURNO, CARGA_CREDITOS) VALUES
	(16, 153, 'B', 4);
INSERT INTO IMPARTIR (PROFESOR, ASIGNATURA, TURNO, CARGA_CREDITOS) VALUES
	(15, 140, 'A', 4);
INSERT INTO IMPARTIR (PROFESOR, ASIGNATURA, TURNO, CARGA_CREDITOS) VALUES
	(8, 114, 'A', 1);
INSERT INTO IMPARTIR (PROFESOR, ASIGNATURA, TURNO, CARGA_CREDITOS) VALUES
	(12, 122, 'A', 3);
INSERT INTO IMPARTIR (PROFESOR, ASIGNATURA, TURNO, CARGA_CREDITOS) VALUES
	(11, 106, 'B', 4);
INSERT INTO IMPARTIR (PROFESOR, ASIGNATURA, TURNO, CARGA_CREDITOS) VALUES
	(4, 124, 'A', 5);
INSERT INTO IMPARTIR (PROFESOR, ASIGNATURA, TURNO, CARGA_CREDITOS) VALUES
	(13, 125, 'A', 2);
INSERT INTO IMPARTIR (PROFESOR, ASIGNATURA, TURNO, CARGA_CREDITOS) VALUES
	(2, 124, 'B', 4);
INSERT INTO IMPARTIR (PROFESOR, ASIGNATURA, TURNO, CARGA_CREDITOS) VALUES
	(3, 121, 'B', 3);
INSERT INTO IMPARTIR (PROFESOR, ASIGNATURA, TURNO, CARGA_CREDITOS) VALUES
	(10, 124, 'B', 1);
INSERT INTO IMPARTIR (PROFESOR, ASIGNATURA, TURNO, CARGA_CREDITOS) VALUES
	(14, 109, 'B', 5);
INSERT INTO IMPARTIR (PROFESOR, ASIGNATURA, TURNO, CARGA_CREDITOS) VALUES
	(3, 113, 'B', 1);
INSERT INTO IMPARTIR (PROFESOR, ASIGNATURA, TURNO, CARGA_CREDITOS) VALUES
	(13, 143, 'B', 2);
INSERT INTO IMPARTIR (PROFESOR, ASIGNATURA, TURNO, CARGA_CREDITOS) VALUES
	(3, 115, 'A', 3);
INSERT INTO IMPARTIR (PROFESOR, ASIGNATURA, TURNO, CARGA_CREDITOS) VALUES
	(11, 105, 'B', 2);
INSERT INTO IMPARTIR (PROFESOR, ASIGNATURA, TURNO, CARGA_CREDITOS) VALUES
	(4, 101, 'A', 2);
INSERT INTO IMPARTIR (PROFESOR, ASIGNATURA, TURNO, CARGA_CREDITOS) VALUES
	(9, 142, 'B', 3);
INSERT INTO IMPARTIR (PROFESOR, ASIGNATURA, TURNO, CARGA_CREDITOS) VALUES
	(12, 114, 'A', 2);
INSERT INTO IMPARTIR (PROFESOR, ASIGNATURA, TURNO, CARGA_CREDITOS) VALUES
	(12, 129, 'B', 5);
INSERT INTO IMPARTIR (PROFESOR, ASIGNATURA, TURNO, CARGA_CREDITOS) VALUES
	(1, 141, 'B', 2);
INSERT INTO IMPARTIR (PROFESOR, ASIGNATURA, TURNO, CARGA_CREDITOS) VALUES
	(6, 124, 'A', 2);
INSERT INTO IMPARTIR (PROFESOR, ASIGNATURA, TURNO, CARGA_CREDITOS) VALUES
	(9, 133, 'B', 3);
INSERT INTO IMPARTIR (PROFESOR, ASIGNATURA, TURNO, CARGA_CREDITOS) VALUES
	(8, 122, 'A', 5);
INSERT INTO IMPARTIR (PROFESOR, ASIGNATURA, TURNO, CARGA_CREDITOS) VALUES
	(9, 120, 'B', 5);
INSERT INTO IMPARTIR (PROFESOR, ASIGNATURA, TURNO, CARGA_CREDITOS) VALUES
	(1, 135, 'B', 4);
INSERT INTO IMPARTIR (PROFESOR, ASIGNATURA, TURNO, CARGA_CREDITOS) VALUES
	(12, 129, 'A', 1);
INSERT INTO IMPARTIR (PROFESOR, ASIGNATURA, TURNO, CARGA_CREDITOS) VALUES
	(1, 126, 'B', 5);


--------------------------[ MATRICULAR (  700 ) ]--------------------------
INSERT INTO MATRICULAR (ALUMNO, ASIGNATURA, TURNO, CALIFICACION) VALUES
	('27481094', '135', 'B', NULL);
INSERT INTO MATRICULAR (ALUMNO, ASIGNATURA, TURNO, CALIFICACION) VALUES
	('17564302', '147', 'A', NULL);
INSERT INTO MATRICULAR (ALUMNO, ASIGNATURA, TURNO, CALIFICACION) VALUES
	('26502350', '100', 'B', 6);
INSERT INTO MATRICULAR (ALUMNO, ASIGNATURA, TURNO, CALIFICACION) VALUES
	('27777932', '137', 'B', NULL);
INSERT INTO MATRICULAR (ALUMNO, ASIGNATURA, TURNO, CALIFICACION) VALUES
	('10645054', '117', 'A', NULL);
INSERT INTO MATRICULAR (ALUMNO, ASIGNATURA, TURNO, CALIFICACION) VALUES
	('32066012', '103', 'B', 9);
INSERT INTO MATRICULAR (ALUMNO, ASIGNATURA, TURNO, CALIFICACION) VALUES
	('10511215', '118', 'A', NULL);
INSERT INTO MATRICULAR (ALUMNO, ASIGNATURA, TURNO, CALIFICACION) VALUES
	('28180197', '134', 'B', 2);
INSERT INTO MATRICULAR (ALUMNO, ASIGNATURA, TURNO, CALIFICACION) VALUES
	('29178381', '145', 'A', NULL);
INSERT INTO MATRICULAR (ALUMNO, ASIGNATURA, TURNO, CALIFICACION) VALUES
	('12293740', '141', 'B', NULL);
INSERT INTO MATRICULAR (ALUMNO, ASIGNATURA, TURNO, CALIFICACION) VALUES
	('31912733', '128', 'B', 5);
INSERT INTO MATRICULAR (ALUMNO, ASIGNATURA, TURNO, CALIFICACION) VALUES
	('20582034', '134', 'B', NULL);
INSERT INTO MATRICULAR (ALUMNO, ASIGNATURA, TURNO, CALIFICACION) VALUES
	('24890301', '154', 'A', 3);
INSERT INTO MATRICULAR (ALUMNO, ASIGNATURA, TURNO, CALIFICACION) VALUES
	('10553086', '110', 'A', 1);
INSERT INTO MATRICULAR (ALUMNO, ASIGNATURA, TURNO, CALIFICACION) VALUES
	('28393292', '147', 'B', NULL);
INSERT INTO MATRICULAR (ALUMNO, ASIGNATURA, TURNO, CALIFICACION) VALUES
	('22076693', '125', 'A', NULL);
INSERT INTO MATRICULAR (ALUMNO, ASIGNATURA, TURNO, CALIFICACION) VALUES
	('26438795', '152', 'A', NULL);
INSERT INTO MATRICULAR (ALUMNO, ASIGNATURA, TURNO, CALIFICACION) VALUES
	('12067186', '137', 'B', 3);
INSERT INTO MATRICULAR (ALUMNO, ASIGNATURA, TURNO, CALIFICACION) VALUES
	('12747596', '139', 'B', 6);
INSERT INTO MATRICULAR (ALUMNO, ASIGNATURA, TURNO, CALIFICACION) VALUES
	('31635335', '143', 'B', 5);
INSERT INTO MATRICULAR (ALUMNO, ASIGNATURA, TURNO, CALIFICACION) VALUES
	('27070605', '139', 'A', 4);
INSERT INTO MATRICULAR (ALUMNO, ASIGNATURA, TURNO, CALIFICACION) VALUES
	('14376842', '100', 'B', 9);
INSERT INTO MATRICULAR (ALUMNO, ASIGNATURA, TURNO, CALIFICACION) VALUES
	('13374920', '110', 'A', NULL);
INSERT INTO MATRICULAR (ALUMNO, ASIGNATURA, TURNO, CALIFICACION) VALUES
	('16638645', '129', 'B', 1);
INSERT INTO MATRICULAR (ALUMNO, ASIGNATURA, TURNO, CALIFICACION) VALUES
	('32498185', '147', 'B', 8);
INSERT INTO MATRICULAR (ALUMNO, ASIGNATURA, TURNO, CALIFICACION) VALUES
	('21455351', '112', 'A', 3);
INSERT INTO MATRICULAR (ALUMNO, ASIGNATURA, TURNO, CALIFICACION) VALUES
	('21455351', '140', 'B', 4);
INSERT INTO MATRICULAR (ALUMNO, ASIGNATURA, TURNO, CALIFICACION) VALUES
	('26502350', '137', 'B', 1);
INSERT INTO MATRICULAR (ALUMNO, ASIGNATURA, TURNO, CALIFICACION) VALUES
	('19356548', '106', 'B', 1);
INSERT INTO MATRICULAR (ALUMNO, ASIGNATURA, TURNO, CALIFICACION) VALUES
	('13380901', '108', 'B', NULL);
INSERT INTO MATRICULAR (ALUMNO, ASIGNATURA, TURNO, CALIFICACION) VALUES
	('14355907', '142', 'B', NULL);
INSERT INTO MATRICULAR (ALUMNO, ASIGNATURA, TURNO, CALIFICACION) VALUES
	('27897565', '145', 'B', NULL);
INSERT INTO MATRICULAR (ALUMNO, ASIGNATURA, TURNO, CALIFICACION) VALUES
	('34626149', '100', 'A', NULL);
INSERT INTO MATRICULAR (ALUMNO, ASIGNATURA, TURNO, CALIFICACION) VALUES
	('11481734', '102', 'A', NULL);
INSERT INTO MATRICULAR (ALUMNO, ASIGNATURA, TURNO, CALIFICACION) VALUES
	('14355907', '115', 'A', 10);
INSERT INTO MATRICULAR (ALUMNO, ASIGNATURA, TURNO, CALIFICACION) VALUES
	('22096133', '145', 'A', 9);
INSERT INTO MATRICULAR (ALUMNO, ASIGNATURA, TURNO, CALIFICACION) VALUES
	('25916898', '124', 'A', NULL);
INSERT INTO MATRICULAR (ALUMNO, ASIGNATURA, TURNO, CALIFICACION) VALUES
	('25982696', '114', 'A', 7);
INSERT INTO MATRICULAR (ALUMNO, ASIGNATURA, TURNO, CALIFICACION) VALUES
	('33930784', '128', 'B', NULL);
INSERT INTO MATRICULAR (ALUMNO, ASIGNATURA, TURNO, CALIFICACION) VALUES
	('17564302', '121', 'A', 4);
INSERT INTO MATRICULAR (ALUMNO, ASIGNATURA, TURNO, CALIFICACION) VALUES
	('22096133', '118', 'B', NULL);
INSERT INTO MATRICULAR (ALUMNO, ASIGNATURA, TURNO, CALIFICACION) VALUES
	('20601474', '145', 'B', NULL);
INSERT INTO MATRICULAR (ALUMNO, ASIGNATURA, TURNO, CALIFICACION) VALUES
	('27875881', '129', 'B', NULL);
INSERT INTO MATRICULAR (ALUMNO, ASIGNATURA, TURNO, CALIFICACION) VALUES
	('14355907', '141', 'B', NULL);
INSERT INTO MATRICULAR (ALUMNO, ASIGNATURA, TURNO, CALIFICACION) VALUES
	('20582034', '118', 'B', 8);
INSERT INTO MATRICULAR (ALUMNO, ASIGNATURA, TURNO, CALIFICACION) VALUES
	('17689916', '101', 'A', NULL);
INSERT INTO MATRICULAR (ALUMNO, ASIGNATURA, TURNO, CALIFICACION) VALUES
	('34626149', '149', 'A', 10);
INSERT INTO MATRICULAR (ALUMNO, ASIGNATURA, TURNO, CALIFICACION) VALUES
	('15064729', '115', 'A', NULL);
INSERT INTO MATRICULAR (ALUMNO, ASIGNATURA, TURNO, CALIFICACION) VALUES
	('21030656', '117', 'A', NULL);
INSERT INTO MATRICULAR (ALUMNO, ASIGNATURA, TURNO, CALIFICACION) VALUES
	('14355907', '111', 'B', NULL);
INSERT INTO MATRICULAR (ALUMNO, ASIGNATURA, TURNO, CALIFICACION) VALUES
	('26502350', '112', 'A', 10);
INSERT INTO MATRICULAR (ALUMNO, ASIGNATURA, TURNO, CALIFICACION) VALUES
	('32066012', '103', 'B', 4);
INSERT INTO MATRICULAR (ALUMNO, ASIGNATURA, TURNO, CALIFICACION) VALUES
	('33350567', '104', 'B', NULL);
INSERT INTO MATRICULAR (ALUMNO, ASIGNATURA, TURNO, CALIFICACION) VALUES
	('14376842', '109', 'B', 6);
INSERT INTO MATRICULAR (ALUMNO, ASIGNATURA, TURNO, CALIFICACION) VALUES
	('26502350', '150', 'A', NULL);
INSERT INTO MATRICULAR (ALUMNO, ASIGNATURA, TURNO, CALIFICACION) VALUES
	('12763298', '133', 'B', 3);
INSERT INTO MATRICULAR (ALUMNO, ASIGNATURA, TURNO, CALIFICACION) VALUES
	('30239372', '154', 'B', 9);
INSERT INTO MATRICULAR (ALUMNO, ASIGNATURA, TURNO, CALIFICACION) VALUES
	('20582034', '154', 'A', 9);
INSERT INTO MATRICULAR (ALUMNO, ASIGNATURA, TURNO, CALIFICACION) VALUES
	('12294488', '136', 'B', 4);
INSERT INTO MATRICULAR (ALUMNO, ASIGNATURA, TURNO, CALIFICACION) VALUES
	('27897565', '120', 'A', 6);
INSERT INTO MATRICULAR (ALUMNO, ASIGNATURA, TURNO, CALIFICACION) VALUES
	('11369579', '125', 'A', NULL);
INSERT INTO MATRICULAR (ALUMNO, ASIGNATURA, TURNO, CALIFICACION) VALUES
	('14355907', '124', 'A', NULL);
INSERT INTO MATRICULAR (ALUMNO, ASIGNATURA, TURNO, CALIFICACION) VALUES
	('11150502', '106', 'A', 10);
INSERT INTO MATRICULAR (ALUMNO, ASIGNATURA, TURNO, CALIFICACION) VALUES
	('32038347', '127', 'A', NULL);
INSERT INTO MATRICULAR (ALUMNO, ASIGNATURA, TURNO, CALIFICACION) VALUES
	('21528626', '145', 'A', NULL);
INSERT INTO MATRICULAR (ALUMNO, ASIGNATURA, TURNO, CALIFICACION) VALUES
	('30239372', '148', 'A', NULL);
INSERT INTO MATRICULAR (ALUMNO, ASIGNATURA, TURNO, CALIFICACION) VALUES
	('11509399', '132', 'A', 8);
INSERT INTO MATRICULAR (ALUMNO, ASIGNATURA, TURNO, CALIFICACION) VALUES
	('27897565', '117', 'B', NULL);
INSERT INTO MATRICULAR (ALUMNO, ASIGNATURA, TURNO, CALIFICACION) VALUES
	('17689916', '141', 'B', 1);
INSERT INTO MATRICULAR (ALUMNO, ASIGNATURA, TURNO, CALIFICACION) VALUES
	('11481734', '133', 'A', NULL);
INSERT INTO MATRICULAR (ALUMNO, ASIGNATURA, TURNO, CALIFICACION) VALUES
	('27481094', '130', 'B', 7);
INSERT INTO MATRICULAR (ALUMNO, ASIGNATURA, TURNO, CALIFICACION) VALUES
	('13647084', '105', 'B', 6);
INSERT INTO MATRICULAR (ALUMNO, ASIGNATURA, TURNO, CALIFICACION) VALUES
	('11994659', '152', 'A', NULL);
INSERT INTO MATRICULAR (ALUMNO, ASIGNATURA, TURNO, CALIFICACION) VALUES
	('27897565', '138', 'B', 7);
INSERT INTO MATRICULAR (ALUMNO, ASIGNATURA, TURNO, CALIFICACION) VALUES
	('25017411', '119', 'A', 10);
INSERT INTO MATRICULAR (ALUMNO, ASIGNATURA, TURNO, CALIFICACION) VALUES
	('26872463', '132', 'B', NULL);
INSERT INTO MATRICULAR (ALUMNO, ASIGNATURA, TURNO, CALIFICACION) VALUES
	('11941572', '143', 'A', NULL);
INSERT INTO MATRICULAR (ALUMNO, ASIGNATURA, TURNO, CALIFICACION) VALUES
	('11509399', '126', 'A', 9);
INSERT INTO MATRICULAR (ALUMNO, ASIGNATURA, TURNO, CALIFICACION) VALUES
	('11994659', '145', 'B', 5);
INSERT INTO MATRICULAR (ALUMNO, ASIGNATURA, TURNO, CALIFICACION) VALUES
	('19356548', '135', 'A', 7);
INSERT INTO MATRICULAR (ALUMNO, ASIGNATURA, TURNO, CALIFICACION) VALUES
	('33350567', '152', 'A', NULL);
INSERT INTO MATRICULAR (ALUMNO, ASIGNATURA, TURNO, CALIFICACION) VALUES
	('16638645', '114', 'A', NULL);
INSERT INTO MATRICULAR (ALUMNO, ASIGNATURA, TURNO, CALIFICACION) VALUES
	('26328135', '146', 'A', NULL);
INSERT INTO MATRICULAR (ALUMNO, ASIGNATURA, TURNO, CALIFICACION) VALUES
	('25575945', '149', 'B', 4);
INSERT INTO MATRICULAR (ALUMNO, ASIGNATURA, TURNO, CALIFICACION) VALUES
	('27777932', '153', 'A', NULL);
INSERT INTO MATRICULAR (ALUMNO, ASIGNATURA, TURNO, CALIFICACION) VALUES
	('26564409', '150', 'A', 10);
INSERT INTO MATRICULAR (ALUMNO, ASIGNATURA, TURNO, CALIFICACION) VALUES
	('34217903', '102', 'A', NULL);
INSERT INTO MATRICULAR (ALUMNO, ASIGNATURA, TURNO, CALIFICACION) VALUES
	('34816813', '117', 'B', 6);
INSERT INTO MATRICULAR (ALUMNO, ASIGNATURA, TURNO, CALIFICACION) VALUES
	('27875881', '152', 'B', NULL);
INSERT INTO MATRICULAR (ALUMNO, ASIGNATURA, TURNO, CALIFICACION) VALUES
	('33851528', '124', 'B', NULL);
INSERT INTO MATRICULAR (ALUMNO, ASIGNATURA, TURNO, CALIFICACION) VALUES
	('31544115', '123', 'A', 5);
INSERT INTO MATRICULAR (ALUMNO, ASIGNATURA, TURNO, CALIFICACION) VALUES
	('21173467', '152', 'A', NULL);
INSERT INTO MATRICULAR (ALUMNO, ASIGNATURA, TURNO, CALIFICACION) VALUES
	('28829203', '108', 'A', NULL);
INSERT INTO MATRICULAR (ALUMNO, ASIGNATURA, TURNO, CALIFICACION) VALUES
	('17012497', '141', 'B', 7);
INSERT INTO MATRICULAR (ALUMNO, ASIGNATURA, TURNO, CALIFICACION) VALUES
	('32131810', '149', 'A', NULL);
INSERT INTO MATRICULAR (ALUMNO, ASIGNATURA, TURNO, CALIFICACION) VALUES
	('17253258', '120', 'B', NULL);
INSERT INTO MATRICULAR (ALUMNO, ASIGNATURA, TURNO, CALIFICACION) VALUES
	('32648473', '135', 'A', 7);
INSERT INTO MATRICULAR (ALUMNO, ASIGNATURA, TURNO, CALIFICACION) VALUES
	('31635335', '106', 'B', 4);
INSERT INTO MATRICULAR (ALUMNO, ASIGNATURA, TURNO, CALIFICACION) VALUES
	('30533220', '100', 'B', NULL);
INSERT INTO MATRICULAR (ALUMNO, ASIGNATURA, TURNO, CALIFICACION) VALUES
	('27304636', '129', 'A', 5);
INSERT INTO MATRICULAR (ALUMNO, ASIGNATURA, TURNO, CALIFICACION) VALUES
	('21505448', '145', 'A', NULL);
INSERT INTO MATRICULAR (ALUMNO, ASIGNATURA, TURNO, CALIFICACION) VALUES
	('13380901', '151', 'B', NULL);
INSERT INTO MATRICULAR (ALUMNO, ASIGNATURA, TURNO, CALIFICACION) VALUES
	('26324397', '130', 'A', NULL);
INSERT INTO MATRICULAR (ALUMNO, ASIGNATURA, TURNO, CALIFICACION) VALUES
	('25951293', '106', 'B', 8);
INSERT INTO MATRICULAR (ALUMNO, ASIGNATURA, TURNO, CALIFICACION) VALUES
	('15743644', '110', 'A', 3);
INSERT INTO MATRICULAR (ALUMNO, ASIGNATURA, TURNO, CALIFICACION) VALUES
	('10513458', '111', 'B', 4);
INSERT INTO MATRICULAR (ALUMNO, ASIGNATURA, TURNO, CALIFICACION) VALUES
	('20601474', '104', 'B', NULL);
INSERT INTO MATRICULAR (ALUMNO, ASIGNATURA, TURNO, CALIFICACION) VALUES
	('12747596', '125', 'A', NULL);
INSERT INTO MATRICULAR (ALUMNO, ASIGNATURA, TURNO, CALIFICACION) VALUES
	('21592181', '149', 'A', 8);
INSERT INTO MATRICULAR (ALUMNO, ASIGNATURA, TURNO, CALIFICACION) VALUES
	('21030656', '119', 'B', 6);
INSERT INTO MATRICULAR (ALUMNO, ASIGNATURA, TURNO, CALIFICACION) VALUES
	('25017411', '140', 'A', NULL);
INSERT INTO MATRICULAR (ALUMNO, ASIGNATURA, TURNO, CALIFICACION) VALUES
	('16638645', '148', 'B', NULL);
INSERT INTO MATRICULAR (ALUMNO, ASIGNATURA, TURNO, CALIFICACION) VALUES
	('32959518', '119', 'A', 2);
INSERT INTO MATRICULAR (ALUMNO, ASIGNATURA, TURNO, CALIFICACION) VALUES
	('25019654', '137', 'A', NULL);
INSERT INTO MATRICULAR (ALUMNO, ASIGNATURA, TURNO, CALIFICACION) VALUES
	('15001922', '134', 'B', NULL);
INSERT INTO MATRICULAR (ALUMNO, ASIGNATURA, TURNO, CALIFICACION) VALUES
	('24681692', '130', 'A', 5);
INSERT INTO MATRICULAR (ALUMNO, ASIGNATURA, TURNO, CALIFICACION) VALUES
	('15661397', '149', 'A', 7);
INSERT INTO MATRICULAR (ALUMNO, ASIGNATURA, TURNO, CALIFICACION) VALUES
	('28180197', '101', 'A', NULL);
INSERT INTO MATRICULAR (ALUMNO, ASIGNATURA, TURNO, CALIFICACION) VALUES
	('26438795', '137', 'A', 9);
INSERT INTO MATRICULAR (ALUMNO, ASIGNATURA, TURNO, CALIFICACION) VALUES
	('27897565', '154', 'B', 7);
INSERT INTO MATRICULAR (ALUMNO, ASIGNATURA, TURNO, CALIFICACION) VALUES
	('24254006', '120', 'B', NULL);
INSERT INTO MATRICULAR (ALUMNO, ASIGNATURA, TURNO, CALIFICACION) VALUES
	('20582034', '126', 'A', 5);
INSERT INTO MATRICULAR (ALUMNO, ASIGNATURA, TURNO, CALIFICACION) VALUES
	('12763298', '106', 'B', NULL);
INSERT INTO MATRICULAR (ALUMNO, ASIGNATURA, TURNO, CALIFICACION) VALUES
	('30222923', '137', 'A', NULL);
INSERT INTO MATRICULAR (ALUMNO, ASIGNATURA, TURNO, CALIFICACION) VALUES
	('14355907', '145', 'B', 5);
INSERT INTO MATRICULAR (ALUMNO, ASIGNATURA, TURNO, CALIFICACION) VALUES
	('16638645', '150', 'A', NULL);
INSERT INTO MATRICULAR (ALUMNO, ASIGNATURA, TURNO, CALIFICACION) VALUES
	('23373211', '109', 'A', 10);
INSERT INTO MATRICULAR (ALUMNO, ASIGNATURA, TURNO, CALIFICACION) VALUES
	('17115680', '144', 'B', 9);
INSERT INTO MATRICULAR (ALUMNO, ASIGNATURA, TURNO, CALIFICACION) VALUES
	('30413587', '101', 'A', 9);
INSERT INTO MATRICULAR (ALUMNO, ASIGNATURA, TURNO, CALIFICACION) VALUES
	('31912733', '135', 'B', 4);
INSERT INTO MATRICULAR (ALUMNO, ASIGNATURA, TURNO, CALIFICACION) VALUES
	('22096133', '136', 'A', 4);
INSERT INTO MATRICULAR (ALUMNO, ASIGNATURA, TURNO, CALIFICACION) VALUES
	('11369579', '141', 'A', 8);
INSERT INTO MATRICULAR (ALUMNO, ASIGNATURA, TURNO, CALIFICACION) VALUES
	('15001922', '113', 'A', NULL);
INSERT INTO MATRICULAR (ALUMNO, ASIGNATURA, TURNO, CALIFICACION) VALUES
	('32444350', '102', 'A', NULL);
INSERT INTO MATRICULAR (ALUMNO, ASIGNATURA, TURNO, CALIFICACION) VALUES
	('15317453', '131', 'A', 9);
INSERT INTO MATRICULAR (ALUMNO, ASIGNATURA, TURNO, CALIFICACION) VALUES
	('32498185', '143', 'B', 8);
INSERT INTO MATRICULAR (ALUMNO, ASIGNATURA, TURNO, CALIFICACION) VALUES
	('16554903', '137', 'B', NULL);
INSERT INTO MATRICULAR (ALUMNO, ASIGNATURA, TURNO, CALIFICACION) VALUES
	('11331446', '111', 'B', NULL);
INSERT INTO MATRICULAR (ALUMNO, ASIGNATURA, TURNO, CALIFICACION) VALUES
	('15060991', '143', 'A', 3);
INSERT INTO MATRICULAR (ALUMNO, ASIGNATURA, TURNO, CALIFICACION) VALUES
	('10553086', '137', 'B', 10);
INSERT INTO MATRICULAR (ALUMNO, ASIGNATURA, TURNO, CALIFICACION) VALUES
	('26324397', '113', 'B', 10);
INSERT INTO MATRICULAR (ALUMNO, ASIGNATURA, TURNO, CALIFICACION) VALUES
	('21030656', '128', 'B', NULL);
INSERT INTO MATRICULAR (ALUMNO, ASIGNATURA, TURNO, CALIFICACION) VALUES
	('20983550', '136', 'B', 9);
INSERT INTO MATRICULAR (ALUMNO, ASIGNATURA, TURNO, CALIFICACION) VALUES
	('21278146', '117', 'B', NULL);
INSERT INTO MATRICULAR (ALUMNO, ASIGNATURA, TURNO, CALIFICACION) VALUES
	('14376842', '107', 'B', 7);
INSERT INTO MATRICULAR (ALUMNO, ASIGNATURA, TURNO, CALIFICACION) VALUES
	('28180197', '114', 'B', NULL);
INSERT INTO MATRICULAR (ALUMNO, ASIGNATURA, TURNO, CALIFICACION) VALUES
	('27777932', '135', 'A', 8);
INSERT INTO MATRICULAR (ALUMNO, ASIGNATURA, TURNO, CALIFICACION) VALUES
	('26472442', '122', 'A', 6);
INSERT INTO MATRICULAR (ALUMNO, ASIGNATURA, TURNO, CALIFICACION) VALUES
	('32498185', '124', 'A', 5);
INSERT INTO MATRICULAR (ALUMNO, ASIGNATURA, TURNO, CALIFICACION) VALUES
	('15743644', '120', 'B', NULL);
INSERT INTO MATRICULAR (ALUMNO, ASIGNATURA, TURNO, CALIFICACION) VALUES
	('23424055', '147', 'B', 8);
INSERT INTO MATRICULAR (ALUMNO, ASIGNATURA, TURNO, CALIFICACION) VALUES
	('14044862', '152', 'A', 7);
INSERT INTO MATRICULAR (ALUMNO, ASIGNATURA, TURNO, CALIFICACION) VALUES
	('11150502', '145', 'B', NULL);
INSERT INTO MATRICULAR (ALUMNO, ASIGNATURA, TURNO, CALIFICACION) VALUES
	('12293740', '149', 'B', NULL);
INSERT INTO MATRICULAR (ALUMNO, ASIGNATURA, TURNO, CALIFICACION) VALUES
	('26472442', '146', 'B', 3);
INSERT INTO MATRICULAR (ALUMNO, ASIGNATURA, TURNO, CALIFICACION) VALUES
	('32480240', '152', 'B', 5);
INSERT INTO MATRICULAR (ALUMNO, ASIGNATURA, TURNO, CALIFICACION) VALUES
	('11481734', '100', 'B', NULL);
INSERT INTO MATRICULAR (ALUMNO, ASIGNATURA, TURNO, CALIFICACION) VALUES
	('21278146', '141', 'A', NULL);
INSERT INTO MATRICULAR (ALUMNO, ASIGNATURA, TURNO, CALIFICACION) VALUES
	('24923948', '102', 'A', NULL);
INSERT INTO MATRICULAR (ALUMNO, ASIGNATURA, TURNO, CALIFICACION) VALUES
	('26438795', '105', 'A', 1);
INSERT INTO MATRICULAR (ALUMNO, ASIGNATURA, TURNO, CALIFICACION) VALUES
	('20983550', '133', 'A', 7);
INSERT INTO MATRICULAR (ALUMNO, ASIGNATURA, TURNO, CALIFICACION) VALUES
	('30222923', '114', 'A', 8);
INSERT INTO MATRICULAR (ALUMNO, ASIGNATURA, TURNO, CALIFICACION) VALUES
	('31635335', '131', 'B', 10);
INSERT INTO MATRICULAR (ALUMNO, ASIGNATURA, TURNO, CALIFICACION) VALUES
	('32480240', '117', 'B', 1);
INSERT INTO MATRICULAR (ALUMNO, ASIGNATURA, TURNO, CALIFICACION) VALUES
	('11369579', '132', 'A', 3);
INSERT INTO MATRICULAR (ALUMNO, ASIGNATURA, TURNO, CALIFICACION) VALUES
	('23424055', '145', 'B', 4);
INSERT INTO MATRICULAR (ALUMNO, ASIGNATURA, TURNO, CALIFICACION) VALUES
	('11369579', '138', 'A', 10);
INSERT INTO MATRICULAR (ALUMNO, ASIGNATURA, TURNO, CALIFICACION) VALUES
	('30222923', '120', 'B', 7);
INSERT INTO MATRICULAR (ALUMNO, ASIGNATURA, TURNO, CALIFICACION) VALUES
	('32038347', '154', 'A', 2);
INSERT INTO MATRICULAR (ALUMNO, ASIGNATURA, TURNO, CALIFICACION) VALUES
	('13374920', '128', 'A', 1);
INSERT INTO MATRICULAR (ALUMNO, ASIGNATURA, TURNO, CALIFICACION) VALUES
	('11941572', '129', 'A', 6);
INSERT INTO MATRICULAR (ALUMNO, ASIGNATURA, TURNO, CALIFICACION) VALUES
	('19941999', '131', 'B', NULL);
INSERT INTO MATRICULAR (ALUMNO, ASIGNATURA, TURNO, CALIFICACION) VALUES
	('15001922', '123', 'B', 7);
INSERT INTO MATRICULAR (ALUMNO, ASIGNATURA, TURNO, CALIFICACION) VALUES
	('29178381', '141', 'A', 10);
INSERT INTO MATRICULAR (ALUMNO, ASIGNATURA, TURNO, CALIFICACION) VALUES
	('31544115', '140', 'A', 7);
INSERT INTO MATRICULAR (ALUMNO, ASIGNATURA, TURNO, CALIFICACION) VALUES
	('13374920', '116', 'A', NULL);
INSERT INTO MATRICULAR (ALUMNO, ASIGNATURA, TURNO, CALIFICACION) VALUES
	('20373424', '149', 'B', 10);
INSERT INTO MATRICULAR (ALUMNO, ASIGNATURA, TURNO, CALIFICACION) VALUES
	('16322367', '147', 'B', NULL);
INSERT INTO MATRICULAR (ALUMNO, ASIGNATURA, TURNO, CALIFICACION) VALUES
	('33206260', '153', 'A', 3);
INSERT INTO MATRICULAR (ALUMNO, ASIGNATURA, TURNO, CALIFICACION) VALUES
	('31635335', '143', 'A', 5);
INSERT INTO MATRICULAR (ALUMNO, ASIGNATURA, TURNO, CALIFICACION) VALUES
	('21278146', '112', 'A', 7);
INSERT INTO MATRICULAR (ALUMNO, ASIGNATURA, TURNO, CALIFICACION) VALUES
	('27304636', '142', 'A', 1);
INSERT INTO MATRICULAR (ALUMNO, ASIGNATURA, TURNO, CALIFICACION) VALUES
	('17012497', '137', 'A', 10);
INSERT INTO MATRICULAR (ALUMNO, ASIGNATURA, TURNO, CALIFICACION) VALUES
	('30426298', '128', 'A', 3);
INSERT INTO MATRICULAR (ALUMNO, ASIGNATURA, TURNO, CALIFICACION) VALUES
	('27386883', '147', 'A', NULL);
INSERT INTO MATRICULAR (ALUMNO, ASIGNATURA, TURNO, CALIFICACION) VALUES
	('24254006', '129', 'B', 4);
INSERT INTO MATRICULAR (ALUMNO, ASIGNATURA, TURNO, CALIFICACION) VALUES
	('34816813', '135', 'B', 8);
INSERT INTO MATRICULAR (ALUMNO, ASIGNATURA, TURNO, CALIFICACION) VALUES
	('17230079', '102', 'B', 9);
INSERT INTO MATRICULAR (ALUMNO, ASIGNATURA, TURNO, CALIFICACION) VALUES
	('16554903', '116', 'B', 4);
INSERT INTO MATRICULAR (ALUMNO, ASIGNATURA, TURNO, CALIFICACION) VALUES
	('17115680', '105', 'B', NULL);
INSERT INTO MATRICULAR (ALUMNO, ASIGNATURA, TURNO, CALIFICACION) VALUES
	('29759347', '132', 'A', NULL);
INSERT INTO MATRICULAR (ALUMNO, ASIGNATURA, TURNO, CALIFICACION) VALUES
	('19113544', '133', 'A', NULL);
INSERT INTO MATRICULAR (ALUMNO, ASIGNATURA, TURNO, CALIFICACION) VALUES
	('30533220', '151', 'B', 6);
INSERT INTO MATRICULAR (ALUMNO, ASIGNATURA, TURNO, CALIFICACION) VALUES
	('28829203', '144', 'B', 4);
INSERT INTO MATRICULAR (ALUMNO, ASIGNATURA, TURNO, CALIFICACION) VALUES
	('32444350', '146', 'B', 7);
INSERT INTO MATRICULAR (ALUMNO, ASIGNATURA, TURNO, CALIFICACION) VALUES
	('13374920', '131', 'A', 2);
INSERT INTO MATRICULAR (ALUMNO, ASIGNATURA, TURNO, CALIFICACION) VALUES
	('32811472', '124', 'A', NULL);
INSERT INTO MATRICULAR (ALUMNO, ASIGNATURA, TURNO, CALIFICACION) VALUES
	('28639287', '102', 'B', NULL);
INSERT INTO MATRICULAR (ALUMNO, ASIGNATURA, TURNO, CALIFICACION) VALUES
	('19336360', '154', 'A', 10);
INSERT INTO MATRICULAR (ALUMNO, ASIGNATURA, TURNO, CALIFICACION) VALUES
	('22076693', '113', 'B', 2);
INSERT INTO MATRICULAR (ALUMNO, ASIGNATURA, TURNO, CALIFICACION) VALUES
	('23373211', '136', 'B', 4);
INSERT INTO MATRICULAR (ALUMNO, ASIGNATURA, TURNO, CALIFICACION) VALUES
	('26564409', '152', 'B', NULL);
INSERT INTO MATRICULAR (ALUMNO, ASIGNATURA, TURNO, CALIFICACION) VALUES
	('15060991', '122', 'B', NULL);
INSERT INTO MATRICULAR (ALUMNO, ASIGNATURA, TURNO, CALIFICACION) VALUES
	('13647084', '126', 'B', 3);
INSERT INTO MATRICULAR (ALUMNO, ASIGNATURA, TURNO, CALIFICACION) VALUES
	('21455351', '154', 'B', 1);
INSERT INTO MATRICULAR (ALUMNO, ASIGNATURA, TURNO, CALIFICACION) VALUES
	('25017411', '150', 'B', NULL);
INSERT INTO MATRICULAR (ALUMNO, ASIGNATURA, TURNO, CALIFICACION) VALUES
	('17115680', '155', 'B', 7);
INSERT INTO MATRICULAR (ALUMNO, ASIGNATURA, TURNO, CALIFICACION) VALUES
	('29188849', '108', 'B', NULL);
INSERT INTO MATRICULAR (ALUMNO, ASIGNATURA, TURNO, CALIFICACION) VALUES
	('20235847', '108', 'B', NULL);
INSERT INTO MATRICULAR (ALUMNO, ASIGNATURA, TURNO, CALIFICACION) VALUES
	('25916898', '116', 'A', NULL);
INSERT INTO MATRICULAR (ALUMNO, ASIGNATURA, TURNO, CALIFICACION) VALUES
	('30222923', '139', 'A', NULL);
INSERT INTO MATRICULAR (ALUMNO, ASIGNATURA, TURNO, CALIFICACION) VALUES
	('30239372', '154', 'B', 2);
INSERT INTO MATRICULAR (ALUMNO, ASIGNATURA, TURNO, CALIFICACION) VALUES
	('27304636', '144', 'B', NULL);
INSERT INTO MATRICULAR (ALUMNO, ASIGNATURA, TURNO, CALIFICACION) VALUES
	('10553086', '101', 'A', 7);
INSERT INTO MATRICULAR (ALUMNO, ASIGNATURA, TURNO, CALIFICACION) VALUES
	('24254006', '112', 'A', 7);
INSERT INTO MATRICULAR (ALUMNO, ASIGNATURA, TURNO, CALIFICACION) VALUES
	('21030656', '101', 'B', NULL);
INSERT INTO MATRICULAR (ALUMNO, ASIGNATURA, TURNO, CALIFICACION) VALUES
	('12894146', '103', 'A', 3);
INSERT INTO MATRICULAR (ALUMNO, ASIGNATURA, TURNO, CALIFICACION) VALUES
	('21455351', '111', 'B', 10);
INSERT INTO MATRICULAR (ALUMNO, ASIGNATURA, TURNO, CALIFICACION) VALUES
	('18363597', '133', 'B', 10);
INSERT INTO MATRICULAR (ALUMNO, ASIGNATURA, TURNO, CALIFICACION) VALUES
	('30533220', '118', 'B', NULL);
INSERT INTO MATRICULAR (ALUMNO, ASIGNATURA, TURNO, CALIFICACION) VALUES
	('30222923', '115', 'A', 7);
INSERT INTO MATRICULAR (ALUMNO, ASIGNATURA, TURNO, CALIFICACION) VALUES
	('11331446', '143', 'A', NULL);
INSERT INTO MATRICULAR (ALUMNO, ASIGNATURA, TURNO, CALIFICACION) VALUES
	('29759347', '147', 'A', 8);
INSERT INTO MATRICULAR (ALUMNO, ASIGNATURA, TURNO, CALIFICACION) VALUES
	('12763298', '134', 'A', NULL);
INSERT INTO MATRICULAR (ALUMNO, ASIGNATURA, TURNO, CALIFICACION) VALUES
	('14355907', '130', 'A', 8);
INSERT INTO MATRICULAR (ALUMNO, ASIGNATURA, TURNO, CALIFICACION) VALUES
	('27091540', '104', 'B', 2);
INSERT INTO MATRICULAR (ALUMNO, ASIGNATURA, TURNO, CALIFICACION) VALUES
	('33851528', '130', 'B', 9);
INSERT INTO MATRICULAR (ALUMNO, ASIGNATURA, TURNO, CALIFICACION) VALUES
	('32038347', '145', 'B', 10);
INSERT INTO MATRICULAR (ALUMNO, ASIGNATURA, TURNO, CALIFICACION) VALUES
	('27481094', '120', 'A', 2);
INSERT INTO MATRICULAR (ALUMNO, ASIGNATURA, TURNO, CALIFICACION) VALUES
	('25982696', '131', 'B', NULL);
INSERT INTO MATRICULAR (ALUMNO, ASIGNATURA, TURNO, CALIFICACION) VALUES
	('24327281', '130', 'A', 3);
INSERT INTO MATRICULAR (ALUMNO, ASIGNATURA, TURNO, CALIFICACION) VALUES
	('26502350', '141', 'A', NULL);
INSERT INTO MATRICULAR (ALUMNO, ASIGNATURA, TURNO, CALIFICACION) VALUES
	('15064729', '116', 'B', 6);
INSERT INTO MATRICULAR (ALUMNO, ASIGNATURA, TURNO, CALIFICACION) VALUES
	('26083636', '117', 'A', NULL);
INSERT INTO MATRICULAR (ALUMNO, ASIGNATURA, TURNO, CALIFICACION) VALUES
	('31544115', '127', 'A', NULL);
INSERT INTO MATRICULAR (ALUMNO, ASIGNATURA, TURNO, CALIFICACION) VALUES
	('31861141', '139', 'B', 1);
INSERT INTO MATRICULAR (ALUMNO, ASIGNATURA, TURNO, CALIFICACION) VALUES
	('19981628', '129', 'A', NULL);
INSERT INTO MATRICULAR (ALUMNO, ASIGNATURA, TURNO, CALIFICACION) VALUES
	('21521897', '145', 'B', 2);
INSERT INTO MATRICULAR (ALUMNO, ASIGNATURA, TURNO, CALIFICACION) VALUES
	('13380901', '129', 'A', 4);
INSERT INTO MATRICULAR (ALUMNO, ASIGNATURA, TURNO, CALIFICACION) VALUES
	('21030656', '110', 'B', NULL);
INSERT INTO MATRICULAR (ALUMNO, ASIGNATURA, TURNO, CALIFICACION) VALUES
	('24254006', '130', 'A', 7);
INSERT INTO MATRICULAR (ALUMNO, ASIGNATURA, TURNO, CALIFICACION) VALUES
	('11150502', '121', 'A', 3);
INSERT INTO MATRICULAR (ALUMNO, ASIGNATURA, TURNO, CALIFICACION) VALUES
	('19241401', '150', 'A', NULL);
INSERT INTO MATRICULAR (ALUMNO, ASIGNATURA, TURNO, CALIFICACION) VALUES
	('12763298', '120', 'A', NULL);
INSERT INTO MATRICULAR (ALUMNO, ASIGNATURA, TURNO, CALIFICACION) VALUES
	('19941999', '141', 'B', 4);
INSERT INTO MATRICULAR (ALUMNO, ASIGNATURA, TURNO, CALIFICACION) VALUES
	('20617923', '155', 'B', 7);
INSERT INTO MATRICULAR (ALUMNO, ASIGNATURA, TURNO, CALIFICACION) VALUES
	('24831980', '131', 'B', NULL);
INSERT INTO MATRICULAR (ALUMNO, ASIGNATURA, TURNO, CALIFICACION) VALUES
	('26625721', '145', 'B', 5);
INSERT INTO MATRICULAR (ALUMNO, ASIGNATURA, TURNO, CALIFICACION) VALUES
	('27442213', '102', 'B', NULL);
INSERT INTO MATRICULAR (ALUMNO, ASIGNATURA, TURNO, CALIFICACION) VALUES
	('21592181', '142', 'B', NULL);
INSERT INTO MATRICULAR (ALUMNO, ASIGNATURA, TURNO, CALIFICACION) VALUES
	('24831980', '145', 'B', 2);
INSERT INTO MATRICULAR (ALUMNO, ASIGNATURA, TURNO, CALIFICACION) VALUES
	('32480240', '106', 'B', 10);
INSERT INTO MATRICULAR (ALUMNO, ASIGNATURA, TURNO, CALIFICACION) VALUES
	('31635335', '130', 'B', 3);
INSERT INTO MATRICULAR (ALUMNO, ASIGNATURA, TURNO, CALIFICACION) VALUES
	('29188849', '134', 'B', NULL);
INSERT INTO MATRICULAR (ALUMNO, ASIGNATURA, TURNO, CALIFICACION) VALUES
	('21173467', '152', 'A', NULL);
INSERT INTO MATRICULAR (ALUMNO, ASIGNATURA, TURNO, CALIFICACION) VALUES
	('17012497', '128', 'A', 8);
INSERT INTO MATRICULAR (ALUMNO, ASIGNATURA, TURNO, CALIFICACION) VALUES
	('25951293', '104', 'B', NULL);
INSERT INTO MATRICULAR (ALUMNO, ASIGNATURA, TURNO, CALIFICACION) VALUES
	('16554903', '152', 'B', 10);
INSERT INTO MATRICULAR (ALUMNO, ASIGNATURA, TURNO, CALIFICACION) VALUES
	('31635335', '143', 'B', 10);
INSERT INTO MATRICULAR (ALUMNO, ASIGNATURA, TURNO, CALIFICACION) VALUES
	('26328135', '122', 'B', 4);
INSERT INTO MATRICULAR (ALUMNO, ASIGNATURA, TURNO, CALIFICACION) VALUES
	('12747596', '154', 'B', NULL);
INSERT INTO MATRICULAR (ALUMNO, ASIGNATURA, TURNO, CALIFICACION) VALUES
	('24254006', '110', 'B', NULL);
INSERT INTO MATRICULAR (ALUMNO, ASIGNATURA, TURNO, CALIFICACION) VALUES
	('33380475', '124', 'A', 3);
INSERT INTO MATRICULAR (ALUMNO, ASIGNATURA, TURNO, CALIFICACION) VALUES
	('14794808', '109', 'B', NULL);
INSERT INTO MATRICULAR (ALUMNO, ASIGNATURA, TURNO, CALIFICACION) VALUES
	('10513458', '127', 'A', NULL);
INSERT INTO MATRICULAR (ALUMNO, ASIGNATURA, TURNO, CALIFICACION) VALUES
	('22076693', '127', 'A', NULL);
INSERT INTO MATRICULAR (ALUMNO, ASIGNATURA, TURNO, CALIFICACION) VALUES
	('16492843', '147', 'B', 6);
INSERT INTO MATRICULAR (ALUMNO, ASIGNATURA, TURNO, CALIFICACION) VALUES
	('11150502', '134', 'A', 5);
INSERT INTO MATRICULAR (ALUMNO, ASIGNATURA, TURNO, CALIFICACION) VALUES
	('11941572', '135', 'A', 1);
INSERT INTO MATRICULAR (ALUMNO, ASIGNATURA, TURNO, CALIFICACION) VALUES
	('30239372', '116', 'B', NULL);
INSERT INTO MATRICULAR (ALUMNO, ASIGNATURA, TURNO, CALIFICACION) VALUES
	('25575945', '124', 'B', NULL);
INSERT INTO MATRICULAR (ALUMNO, ASIGNATURA, TURNO, CALIFICACION) VALUES
	('29759347', '141', 'A', NULL);
INSERT INTO MATRICULAR (ALUMNO, ASIGNATURA, TURNO, CALIFICACION) VALUES
	('24327281', '134', 'B', 8);
INSERT INTO MATRICULAR (ALUMNO, ASIGNATURA, TURNO, CALIFICACION) VALUES
	('28393292', '154', 'B', 4);
INSERT INTO MATRICULAR (ALUMNO, ASIGNATURA, TURNO, CALIFICACION) VALUES
	('25982696', '137', 'A', 10);
INSERT INTO MATRICULAR (ALUMNO, ASIGNATURA, TURNO, CALIFICACION) VALUES
	('34217903', '113', 'B', 6);
INSERT INTO MATRICULAR (ALUMNO, ASIGNATURA, TURNO, CALIFICACION) VALUES
	('14883785', '135', 'A', 5);
INSERT INTO MATRICULAR (ALUMNO, ASIGNATURA, TURNO, CALIFICACION) VALUES
	('25575945', '128', 'B', 10);
INSERT INTO MATRICULAR (ALUMNO, ASIGNATURA, TURNO, CALIFICACION) VALUES
	('15064729', '144', 'B', 5);
INSERT INTO MATRICULAR (ALUMNO, ASIGNATURA, TURNO, CALIFICACION) VALUES
	('21521897', '111', 'B', 8);
INSERT INTO MATRICULAR (ALUMNO, ASIGNATURA, TURNO, CALIFICACION) VALUES
	('23424055', '119', 'A', NULL);
INSERT INTO MATRICULAR (ALUMNO, ASIGNATURA, TURNO, CALIFICACION) VALUES
	('32498185', '100', 'B', 2);
INSERT INTO MATRICULAR (ALUMNO, ASIGNATURA, TURNO, CALIFICACION) VALUES
	('28393292', '120', 'B', NULL);
INSERT INTO MATRICULAR (ALUMNO, ASIGNATURA, TURNO, CALIFICACION) VALUES
	('27304636', '141', 'A', 4);
INSERT INTO MATRICULAR (ALUMNO, ASIGNATURA, TURNO, CALIFICACION) VALUES
	('34848217', '135', 'A', NULL);
INSERT INTO MATRICULAR (ALUMNO, ASIGNATURA, TURNO, CALIFICACION) VALUES
	('22330164', '124', 'B', NULL);
INSERT INTO MATRICULAR (ALUMNO, ASIGNATURA, TURNO, CALIFICACION) VALUES
	('16322367', '151', 'A', 10);
INSERT INTO MATRICULAR (ALUMNO, ASIGNATURA, TURNO, CALIFICACION) VALUES
	('20373424', '131', 'B', 4);
INSERT INTO MATRICULAR (ALUMNO, ASIGNATURA, TURNO, CALIFICACION) VALUES
	('20636616', '105', 'B', 3);
INSERT INTO MATRICULAR (ALUMNO, ASIGNATURA, TURNO, CALIFICACION) VALUES
	('13647084', '112', 'A', NULL);
INSERT INTO MATRICULAR (ALUMNO, ASIGNATURA, TURNO, CALIFICACION) VALUES
	('21528626', '133', 'B', 3);
INSERT INTO MATRICULAR (ALUMNO, ASIGNATURA, TURNO, CALIFICACION) VALUES
	('31912733', '136', 'B', 4);
INSERT INTO MATRICULAR (ALUMNO, ASIGNATURA, TURNO, CALIFICACION) VALUES
	('17230079', '145', 'B', 1);
INSERT INTO MATRICULAR (ALUMNO, ASIGNATURA, TURNO, CALIFICACION) VALUES
	('32444350', '143', 'A', NULL);
INSERT INTO MATRICULAR (ALUMNO, ASIGNATURA, TURNO, CALIFICACION) VALUES
	('21173467', '142', 'A', 4);
INSERT INTO MATRICULAR (ALUMNO, ASIGNATURA, TURNO, CALIFICACION) VALUES
	('27386883', '147', 'A', NULL);
INSERT INTO MATRICULAR (ALUMNO, ASIGNATURA, TURNO, CALIFICACION) VALUES
	('27091540', '145', 'B', 7);
INSERT INTO MATRICULAR (ALUMNO, ASIGNATURA, TURNO, CALIFICACION) VALUES
	('33350567', '115', 'A', 1);
INSERT INTO MATRICULAR (ALUMNO, ASIGNATURA, TURNO, CALIFICACION) VALUES
	('32959518', '132', 'B', 10);
INSERT INTO MATRICULAR (ALUMNO, ASIGNATURA, TURNO, CALIFICACION) VALUES
	('15001922', '129', 'A', NULL);
INSERT INTO MATRICULAR (ALUMNO, ASIGNATURA, TURNO, CALIFICACION) VALUES
	('21058321', '148', 'A', NULL);
INSERT INTO MATRICULAR (ALUMNO, ASIGNATURA, TURNO, CALIFICACION) VALUES
	('21278146', '110', 'A', NULL);
INSERT INTO MATRICULAR (ALUMNO, ASIGNATURA, TURNO, CALIFICACION) VALUES
	('33206260', '143', 'A', 2);
INSERT INTO MATRICULAR (ALUMNO, ASIGNATURA, TURNO, CALIFICACION) VALUES
	('32648473', '107', 'B', NULL);
INSERT INTO MATRICULAR (ALUMNO, ASIGNATURA, TURNO, CALIFICACION) VALUES
	('11994659', '154', 'B', 5);
INSERT INTO MATRICULAR (ALUMNO, ASIGNATURA, TURNO, CALIFICACION) VALUES
	('15060991', '149', 'B', 10);
INSERT INTO MATRICULAR (ALUMNO, ASIGNATURA, TURNO, CALIFICACION) VALUES
	('10645054', '103', 'B', 1);
INSERT INTO MATRICULAR (ALUMNO, ASIGNATURA, TURNO, CALIFICACION) VALUES
	('20373424', '152', 'B', 10);
INSERT INTO MATRICULAR (ALUMNO, ASIGNATURA, TURNO, CALIFICACION) VALUES
	('15064729', '103', 'A', 8);
INSERT INTO MATRICULAR (ALUMNO, ASIGNATURA, TURNO, CALIFICACION) VALUES
	('14883785', '120', 'B', 4);
INSERT INTO MATRICULAR (ALUMNO, ASIGNATURA, TURNO, CALIFICACION) VALUES
	('31635335', '154', 'A', NULL);
INSERT INTO MATRICULAR (ALUMNO, ASIGNATURA, TURNO, CALIFICACION) VALUES
	('21058321', '129', 'B', 5);
INSERT INTO MATRICULAR (ALUMNO, ASIGNATURA, TURNO, CALIFICACION) VALUES
	('33851528', '132', 'B', 8);
INSERT INTO MATRICULAR (ALUMNO, ASIGNATURA, TURNO, CALIFICACION) VALUES
	('34848217', '143', 'B', 5);
INSERT INTO MATRICULAR (ALUMNO, ASIGNATURA, TURNO, CALIFICACION) VALUES
	('32648473', '116', 'A', NULL);
INSERT INTO MATRICULAR (ALUMNO, ASIGNATURA, TURNO, CALIFICACION) VALUES
	('11941572', '128', 'B', NULL);
INSERT INTO MATRICULAR (ALUMNO, ASIGNATURA, TURNO, CALIFICACION) VALUES
	('15661397', '108', 'A', NULL);
INSERT INTO MATRICULAR (ALUMNO, ASIGNATURA, TURNO, CALIFICACION) VALUES
	('27594745', '105', 'A', 10);
INSERT INTO MATRICULAR (ALUMNO, ASIGNATURA, TURNO, CALIFICACION) VALUES
	('20235847', '148', 'B', 7);
INSERT INTO MATRICULAR (ALUMNO, ASIGNATURA, TURNO, CALIFICACION) VALUES
	('13380901', '107', 'B', NULL);
INSERT INTO MATRICULAR (ALUMNO, ASIGNATURA, TURNO, CALIFICACION) VALUES
	('17012497', '109', 'A', 3);
INSERT INTO MATRICULAR (ALUMNO, ASIGNATURA, TURNO, CALIFICACION) VALUES
	('21278146', '140', 'A', NULL);
INSERT INTO MATRICULAR (ALUMNO, ASIGNATURA, TURNO, CALIFICACION) VALUES
	('21058321', '104', 'A', 4);
INSERT INTO MATRICULAR (ALUMNO, ASIGNATURA, TURNO, CALIFICACION) VALUES
	('21455351', '149', 'B', 8);
INSERT INTO MATRICULAR (ALUMNO, ASIGNATURA, TURNO, CALIFICACION) VALUES
	('16638645', '125', 'B', NULL);
INSERT INTO MATRICULAR (ALUMNO, ASIGNATURA, TURNO, CALIFICACION) VALUES
	('11481734', '107', 'B', 3);
INSERT INTO MATRICULAR (ALUMNO, ASIGNATURA, TURNO, CALIFICACION) VALUES
	('31861141', '131', 'A', NULL);
INSERT INTO MATRICULAR (ALUMNO, ASIGNATURA, TURNO, CALIFICACION) VALUES
	('32959518', '107', 'A', NULL);
INSERT INTO MATRICULAR (ALUMNO, ASIGNATURA, TURNO, CALIFICACION) VALUES
	('26324397', '146', 'A', NULL);
INSERT INTO MATRICULAR (ALUMNO, ASIGNATURA, TURNO, CALIFICACION) VALUES
	('20636616', '128', 'A', 8);
INSERT INTO MATRICULAR (ALUMNO, ASIGNATURA, TURNO, CALIFICACION) VALUES
	('17253258', '142', 'A', NULL);
INSERT INTO MATRICULAR (ALUMNO, ASIGNATURA, TURNO, CALIFICACION) VALUES
	('26872463', '141', 'A', 7);
INSERT INTO MATRICULAR (ALUMNO, ASIGNATURA, TURNO, CALIFICACION) VALUES
	('17689916', '145', 'A', 1);
INSERT INTO MATRICULAR (ALUMNO, ASIGNATURA, TURNO, CALIFICACION) VALUES
	('26625721', '117', 'A', NULL);
INSERT INTO MATRICULAR (ALUMNO, ASIGNATURA, TURNO, CALIFICACION) VALUES
	('31544115', '134', 'A', NULL);
INSERT INTO MATRICULAR (ALUMNO, ASIGNATURA, TURNO, CALIFICACION) VALUES
	('20617923', '140', 'A', NULL);
INSERT INTO MATRICULAR (ALUMNO, ASIGNATURA, TURNO, CALIFICACION) VALUES
	('15743644', '109', 'B', NULL);
INSERT INTO MATRICULAR (ALUMNO, ASIGNATURA, TURNO, CALIFICACION) VALUES
	('25019654', '153', 'B', 9);
INSERT INTO MATRICULAR (ALUMNO, ASIGNATURA, TURNO, CALIFICACION) VALUES
	('21173467', '109', 'A', 5);
INSERT INTO MATRICULAR (ALUMNO, ASIGNATURA, TURNO, CALIFICACION) VALUES
	('25982696', '144', 'B', 9);
INSERT INTO MATRICULAR (ALUMNO, ASIGNATURA, TURNO, CALIFICACION) VALUES
	('15449049', '132', 'A', NULL);
INSERT INTO MATRICULAR (ALUMNO, ASIGNATURA, TURNO, CALIFICACION) VALUES
	('17564302', '124', 'B', NULL);
INSERT INTO MATRICULAR (ALUMNO, ASIGNATURA, TURNO, CALIFICACION) VALUES
	('16492843', '109', 'B', NULL);
INSERT INTO MATRICULAR (ALUMNO, ASIGNATURA, TURNO, CALIFICACION) VALUES
	('31912733', '105', 'A', NULL);
INSERT INTO MATRICULAR (ALUMNO, ASIGNATURA, TURNO, CALIFICACION) VALUES
	('25017411', '116', 'A', NULL);
INSERT INTO MATRICULAR (ALUMNO, ASIGNATURA, TURNO, CALIFICACION) VALUES
	('31544115', '151', 'B', NULL);
INSERT INTO MATRICULAR (ALUMNO, ASIGNATURA, TURNO, CALIFICACION) VALUES
	('16554903', '140', 'B', 2);
INSERT INTO MATRICULAR (ALUMNO, ASIGNATURA, TURNO, CALIFICACION) VALUES
	('30222923', '143', 'B', NULL);
INSERT INTO MATRICULAR (ALUMNO, ASIGNATURA, TURNO, CALIFICACION) VALUES
	('12763298', '137', 'A', NULL);
INSERT INTO MATRICULAR (ALUMNO, ASIGNATURA, TURNO, CALIFICACION) VALUES
	('20601474', '122', 'A', 9);
INSERT INTO MATRICULAR (ALUMNO, ASIGNATURA, TURNO, CALIFICACION) VALUES
	('27091540', '149', 'A', NULL);
INSERT INTO MATRICULAR (ALUMNO, ASIGNATURA, TURNO, CALIFICACION) VALUES
	('24890301', '130', 'B', 8);
INSERT INTO MATRICULAR (ALUMNO, ASIGNATURA, TURNO, CALIFICACION) VALUES
	('23424055', '149', 'B', 4);
INSERT INTO MATRICULAR (ALUMNO, ASIGNATURA, TURNO, CALIFICACION) VALUES
	('21173467', '116', 'A', 7);
INSERT INTO MATRICULAR (ALUMNO, ASIGNATURA, TURNO, CALIFICACION) VALUES
	('24890301', '118', 'B', 6);
INSERT INTO MATRICULAR (ALUMNO, ASIGNATURA, TURNO, CALIFICACION) VALUES
	('16946699', '125', 'A', NULL);
INSERT INTO MATRICULAR (ALUMNO, ASIGNATURA, TURNO, CALIFICACION) VALUES
	('13380901', '128', 'A', NULL);
INSERT INTO MATRICULAR (ALUMNO, ASIGNATURA, TURNO, CALIFICACION) VALUES
	('32270883', '105', 'A', 3);
INSERT INTO MATRICULAR (ALUMNO, ASIGNATURA, TURNO, CALIFICACION) VALUES
	('28180197', '152', 'B', 5);
INSERT INTO MATRICULAR (ALUMNO, ASIGNATURA, TURNO, CALIFICACION) VALUES
	('26564409', '119', 'B', NULL);
INSERT INTO MATRICULAR (ALUMNO, ASIGNATURA, TURNO, CALIFICACION) VALUES
	('16638645', '107', 'A', NULL);
INSERT INTO MATRICULAR (ALUMNO, ASIGNATURA, TURNO, CALIFICACION) VALUES
	('12293740', '100', 'B', 10);
INSERT INTO MATRICULAR (ALUMNO, ASIGNATURA, TURNO, CALIFICACION) VALUES
	('12763298', '125', 'A', 9);
INSERT INTO MATRICULAR (ALUMNO, ASIGNATURA, TURNO, CALIFICACION) VALUES
	('27594745', '134', 'B', 4);
INSERT INTO MATRICULAR (ALUMNO, ASIGNATURA, TURNO, CALIFICACION) VALUES
	('31544115', '102', 'B', 6);
INSERT INTO MATRICULAR (ALUMNO, ASIGNATURA, TURNO, CALIFICACION) VALUES
	('32038347', '127', 'A', NULL);
INSERT INTO MATRICULAR (ALUMNO, ASIGNATURA, TURNO, CALIFICACION) VALUES
	('24831980', '103', 'A', NULL);
INSERT INTO MATRICULAR (ALUMNO, ASIGNATURA, TURNO, CALIFICACION) VALUES
	('32066012', '144', 'A', 9);
INSERT INTO MATRICULAR (ALUMNO, ASIGNATURA, TURNO, CALIFICACION) VALUES
	('31861141', '143', 'B', NULL);
INSERT INTO MATRICULAR (ALUMNO, ASIGNATURA, TURNO, CALIFICACION) VALUES
	('32648473', '155', 'A', 10);
INSERT INTO MATRICULAR (ALUMNO, ASIGNATURA, TURNO, CALIFICACION) VALUES
	('19241401', '103', 'A', NULL);
INSERT INTO MATRICULAR (ALUMNO, ASIGNATURA, TURNO, CALIFICACION) VALUES
	('26564409', '107', 'A', 1);
INSERT INTO MATRICULAR (ALUMNO, ASIGNATURA, TURNO, CALIFICACION) VALUES
	('16865947', '144', 'B', NULL);
INSERT INTO MATRICULAR (ALUMNO, ASIGNATURA, TURNO, CALIFICACION) VALUES
	('15064729', '128', 'B', 2);
INSERT INTO MATRICULAR (ALUMNO, ASIGNATURA, TURNO, CALIFICACION) VALUES
	('32480240', '127', 'A', 3);
INSERT INTO MATRICULAR (ALUMNO, ASIGNATURA, TURNO, CALIFICACION) VALUES
	('30426298', '115', 'A', NULL);
INSERT INTO MATRICULAR (ALUMNO, ASIGNATURA, TURNO, CALIFICACION) VALUES
	('27897565', '104', 'B', NULL);
INSERT INTO MATRICULAR (ALUMNO, ASIGNATURA, TURNO, CALIFICACION) VALUES
	('32648473', '113', 'A', NULL);
INSERT INTO MATRICULAR (ALUMNO, ASIGNATURA, TURNO, CALIFICACION) VALUES
	('12307199', '139', 'B', NULL);
INSERT INTO MATRICULAR (ALUMNO, ASIGNATURA, TURNO, CALIFICACION) VALUES
	('21278146', '147', 'B', NULL);
INSERT INTO MATRICULAR (ALUMNO, ASIGNATURA, TURNO, CALIFICACION) VALUES
	('24890301', '142', 'A', NULL);
INSERT INTO MATRICULAR (ALUMNO, ASIGNATURA, TURNO, CALIFICACION) VALUES
	('14355907', '109', 'A', NULL);
INSERT INTO MATRICULAR (ALUMNO, ASIGNATURA, TURNO, CALIFICACION) VALUES
	('17564302', '101', 'B', 1);
INSERT INTO MATRICULAR (ALUMNO, ASIGNATURA, TURNO, CALIFICACION) VALUES
	('20983550', '107', 'A', NULL);
INSERT INTO MATRICULAR (ALUMNO, ASIGNATURA, TURNO, CALIFICACION) VALUES
	('23424055', '144', 'A', 10);
INSERT INTO MATRICULAR (ALUMNO, ASIGNATURA, TURNO, CALIFICACION) VALUES
	('20582034', '142', 'B', 7);
INSERT INTO MATRICULAR (ALUMNO, ASIGNATURA, TURNO, CALIFICACION) VALUES
	('17230079', '122', 'A', 3);
INSERT INTO MATRICULAR (ALUMNO, ASIGNATURA, TURNO, CALIFICACION) VALUES
	('26324397', '136', 'B', 6);
INSERT INTO MATRICULAR (ALUMNO, ASIGNATURA, TURNO, CALIFICACION) VALUES
	('34848217', '129', 'B', 10);
INSERT INTO MATRICULAR (ALUMNO, ASIGNATURA, TURNO, CALIFICACION) VALUES
	('34626149', '128', 'A', 8);
INSERT INTO MATRICULAR (ALUMNO, ASIGNATURA, TURNO, CALIFICACION) VALUES
	('10513458', '154', 'A', NULL);
INSERT INTO MATRICULAR (ALUMNO, ASIGNATURA, TURNO, CALIFICACION) VALUES
	('16322367', '144', 'A', NULL);
INSERT INTO MATRICULAR (ALUMNO, ASIGNATURA, TURNO, CALIFICACION) VALUES
	('25575945', '116', 'A', 3);
INSERT INTO MATRICULAR (ALUMNO, ASIGNATURA, TURNO, CALIFICACION) VALUES
	('10553086', '133', 'A', NULL);
INSERT INTO MATRICULAR (ALUMNO, ASIGNATURA, TURNO, CALIFICACION) VALUES
	('32959518', '141', 'A', NULL);
INSERT INTO MATRICULAR (ALUMNO, ASIGNATURA, TURNO, CALIFICACION) VALUES
	('17253258', '126', 'B', 3);
INSERT INTO MATRICULAR (ALUMNO, ASIGNATURA, TURNO, CALIFICACION) VALUES
	('27442213', '108', 'A', NULL);
INSERT INTO MATRICULAR (ALUMNO, ASIGNATURA, TURNO, CALIFICACION) VALUES
	('18363597', '131', 'B', 7);
INSERT INTO MATRICULAR (ALUMNO, ASIGNATURA, TURNO, CALIFICACION) VALUES
	('16554903', '109', 'A', 5);
INSERT INTO MATRICULAR (ALUMNO, ASIGNATURA, TURNO, CALIFICACION) VALUES
	('13374920', '140', 'A', NULL);
INSERT INTO MATRICULAR (ALUMNO, ASIGNATURA, TURNO, CALIFICACION) VALUES
	('26083636', '122', 'A', 1);
INSERT INTO MATRICULAR (ALUMNO, ASIGNATURA, TURNO, CALIFICACION) VALUES
	('14794808', '146', 'A', 2);
INSERT INTO MATRICULAR (ALUMNO, ASIGNATURA, TURNO, CALIFICACION) VALUES
	('24587481', '146', 'B', NULL);
INSERT INTO MATRICULAR (ALUMNO, ASIGNATURA, TURNO, CALIFICACION) VALUES
	('20373424', '116', 'B', 4);
INSERT INTO MATRICULAR (ALUMNO, ASIGNATURA, TURNO, CALIFICACION) VALUES
	('31898526', '114', 'A', 5);
INSERT INTO MATRICULAR (ALUMNO, ASIGNATURA, TURNO, CALIFICACION) VALUES
	('10513458', '124', 'B', 4);
INSERT INTO MATRICULAR (ALUMNO, ASIGNATURA, TURNO, CALIFICACION) VALUES
	('32038347', '155', 'A', NULL);
INSERT INTO MATRICULAR (ALUMNO, ASIGNATURA, TURNO, CALIFICACION) VALUES
	('32270883', '119', 'A', 7);
INSERT INTO MATRICULAR (ALUMNO, ASIGNATURA, TURNO, CALIFICACION) VALUES
	('15317453', '128', 'B', 3);
INSERT INTO MATRICULAR (ALUMNO, ASIGNATURA, TURNO, CALIFICACION) VALUES
	('15064729', '131', 'A', NULL);
INSERT INTO MATRICULAR (ALUMNO, ASIGNATURA, TURNO, CALIFICACION) VALUES
	('10513458', '117', 'A', NULL);
INSERT INTO MATRICULAR (ALUMNO, ASIGNATURA, TURNO, CALIFICACION) VALUES
	('13647084', '103', 'B', NULL);
INSERT INTO MATRICULAR (ALUMNO, ASIGNATURA, TURNO, CALIFICACION) VALUES
	('14355907', '101', 'B', 1);
INSERT INTO MATRICULAR (ALUMNO, ASIGNATURA, TURNO, CALIFICACION) VALUES
	('26328135', '114', 'B', NULL);
INSERT INTO MATRICULAR (ALUMNO, ASIGNATURA, TURNO, CALIFICACION) VALUES
	('26083636', '120', 'B', 6);
INSERT INTO MATRICULAR (ALUMNO, ASIGNATURA, TURNO, CALIFICACION) VALUES
	('29178381', '111', 'B', NULL);
INSERT INTO MATRICULAR (ALUMNO, ASIGNATURA, TURNO, CALIFICACION) VALUES
	('21592181', '128', 'A', 4);
INSERT INTO MATRICULAR (ALUMNO, ASIGNATURA, TURNO, CALIFICACION) VALUES
	('26502350', '152', 'A', 4);
INSERT INTO MATRICULAR (ALUMNO, ASIGNATURA, TURNO, CALIFICACION) VALUES
	('29188849', '120', 'B', 10);
INSERT INTO MATRICULAR (ALUMNO, ASIGNATURA, TURNO, CALIFICACION) VALUES
	('12747596', '146', 'A', NULL);
INSERT INTO MATRICULAR (ALUMNO, ASIGNATURA, TURNO, CALIFICACION) VALUES
	('19356548', '105', 'A', NULL);
INSERT INTO MATRICULAR (ALUMNO, ASIGNATURA, TURNO, CALIFICACION) VALUES
	('31912733', '109', 'B', 5);
INSERT INTO MATRICULAR (ALUMNO, ASIGNATURA, TURNO, CALIFICACION) VALUES
	('15064729', '140', 'A', NULL);
INSERT INTO MATRICULAR (ALUMNO, ASIGNATURA, TURNO, CALIFICACION) VALUES
	('20187246', '146', 'B', 1);
INSERT INTO MATRICULAR (ALUMNO, ASIGNATURA, TURNO, CALIFICACION) VALUES
	('26324397', '149', 'A', NULL);
INSERT INTO MATRICULAR (ALUMNO, ASIGNATURA, TURNO, CALIFICACION) VALUES
	('31898526', '107', 'A', NULL);
INSERT INTO MATRICULAR (ALUMNO, ASIGNATURA, TURNO, CALIFICACION) VALUES
	('16946699', '138', 'B', 3);
INSERT INTO MATRICULAR (ALUMNO, ASIGNATURA, TURNO, CALIFICACION) VALUES
	('21521897', '135', 'A', 3);
INSERT INTO MATRICULAR (ALUMNO, ASIGNATURA, TURNO, CALIFICACION) VALUES
	('34217903', '139', 'B', 9);
INSERT INTO MATRICULAR (ALUMNO, ASIGNATURA, TURNO, CALIFICACION) VALUES
	('14883785', '119', 'A', 10);
INSERT INTO MATRICULAR (ALUMNO, ASIGNATURA, TURNO, CALIFICACION) VALUES
	('10553086', '101', 'A', NULL);
INSERT INTO MATRICULAR (ALUMNO, ASIGNATURA, TURNO, CALIFICACION) VALUES
	('34217903', '144', 'B', 5);
INSERT INTO MATRICULAR (ALUMNO, ASIGNATURA, TURNO, CALIFICACION) VALUES
	('25916898', '133', 'A', NULL);
INSERT INTO MATRICULAR (ALUMNO, ASIGNATURA, TURNO, CALIFICACION) VALUES
	('31544115', '117', 'B', NULL);
INSERT INTO MATRICULAR (ALUMNO, ASIGNATURA, TURNO, CALIFICACION) VALUES
	('26564409', '129', 'A', 5);
INSERT INTO MATRICULAR (ALUMNO, ASIGNATURA, TURNO, CALIFICACION) VALUES
	('27386883', '132', 'A', NULL);
INSERT INTO MATRICULAR (ALUMNO, ASIGNATURA, TURNO, CALIFICACION) VALUES
	('32444350', '132', 'B', NULL);
INSERT INTO MATRICULAR (ALUMNO, ASIGNATURA, TURNO, CALIFICACION) VALUES
	('17012497', '102', 'A', NULL);
INSERT INTO MATRICULAR (ALUMNO, ASIGNATURA, TURNO, CALIFICACION) VALUES
	('27594745', '143', 'A', NULL);
INSERT INTO MATRICULAR (ALUMNO, ASIGNATURA, TURNO, CALIFICACION) VALUES
	('14044862', '137', 'A', 9);
INSERT INTO MATRICULAR (ALUMNO, ASIGNATURA, TURNO, CALIFICACION) VALUES
	('20983550', '108', 'B', NULL);
INSERT INTO MATRICULAR (ALUMNO, ASIGNATURA, TURNO, CALIFICACION) VALUES
	('30222923', '141', 'A', NULL);
INSERT INTO MATRICULAR (ALUMNO, ASIGNATURA, TURNO, CALIFICACION) VALUES
	('28639287', '135', 'B', 2);
INSERT INTO MATRICULAR (ALUMNO, ASIGNATURA, TURNO, CALIFICACION) VALUES
	('19981628', '142', 'B', NULL);
INSERT INTO MATRICULAR (ALUMNO, ASIGNATURA, TURNO, CALIFICACION) VALUES
	('24923948', '100', 'B', 7);
INSERT INTO MATRICULAR (ALUMNO, ASIGNATURA, TURNO, CALIFICACION) VALUES
	('33206260', '126', 'B', NULL);
INSERT INTO MATRICULAR (ALUMNO, ASIGNATURA, TURNO, CALIFICACION) VALUES
	('27091540', '100', 'B', 9);
INSERT INTO MATRICULAR (ALUMNO, ASIGNATURA, TURNO, CALIFICACION) VALUES
	('13380901', '106', 'A', NULL);
INSERT INTO MATRICULAR (ALUMNO, ASIGNATURA, TURNO, CALIFICACION) VALUES
	('15943281', '133', 'B', 10);
INSERT INTO MATRICULAR (ALUMNO, ASIGNATURA, TURNO, CALIFICACION) VALUES
	('29759347', '137', 'B', 5);
INSERT INTO MATRICULAR (ALUMNO, ASIGNATURA, TURNO, CALIFICACION) VALUES
	('22076693', '118', 'A', NULL);
INSERT INTO MATRICULAR (ALUMNO, ASIGNATURA, TURNO, CALIFICACION) VALUES
	('20983550', '117', 'A', NULL);
INSERT INTO MATRICULAR (ALUMNO, ASIGNATURA, TURNO, CALIFICACION) VALUES
	('26438795', '144', 'A', 4);
INSERT INTO MATRICULAR (ALUMNO, ASIGNATURA, TURNO, CALIFICACION) VALUES
	('17115680', '151', 'B', 5);
INSERT INTO MATRICULAR (ALUMNO, ASIGNATURA, TURNO, CALIFICACION) VALUES
	('34848217', '115', 'B', NULL);
INSERT INTO MATRICULAR (ALUMNO, ASIGNATURA, TURNO, CALIFICACION) VALUES
	('19352809', '143', 'B', NULL);
INSERT INTO MATRICULAR (ALUMNO, ASIGNATURA, TURNO, CALIFICACION) VALUES
	('29178381', '127', 'B', NULL);
INSERT INTO MATRICULAR (ALUMNO, ASIGNATURA, TURNO, CALIFICACION) VALUES
	('16638645', '122', 'A', NULL);
INSERT INTO MATRICULAR (ALUMNO, ASIGNATURA, TURNO, CALIFICACION) VALUES
	('14044862', '122', 'B', NULL);
INSERT INTO MATRICULAR (ALUMNO, ASIGNATURA, TURNO, CALIFICACION) VALUES
	('24890301', '124', 'B', 4);
INSERT INTO MATRICULAR (ALUMNO, ASIGNATURA, TURNO, CALIFICACION) VALUES
	('21173467', '115', 'A', NULL);
INSERT INTO MATRICULAR (ALUMNO, ASIGNATURA, TURNO, CALIFICACION) VALUES
	('33206260', '138', 'B', NULL);
INSERT INTO MATRICULAR (ALUMNO, ASIGNATURA, TURNO, CALIFICACION) VALUES
	('32066012', '139', 'B', NULL);
INSERT INTO MATRICULAR (ALUMNO, ASIGNATURA, TURNO, CALIFICACION) VALUES
	('10513458', '119', 'A', 4);
INSERT INTO MATRICULAR (ALUMNO, ASIGNATURA, TURNO, CALIFICACION) VALUES
	('30222923', '153', 'B', 6);
INSERT INTO MATRICULAR (ALUMNO, ASIGNATURA, TURNO, CALIFICACION) VALUES
	('17564302', '114', 'A', NULL);
INSERT INTO MATRICULAR (ALUMNO, ASIGNATURA, TURNO, CALIFICACION) VALUES
	('29178381', '114', 'A', 6);
INSERT INTO MATRICULAR (ALUMNO, ASIGNATURA, TURNO, CALIFICACION) VALUES
	('30426298', '118', 'B', 4);
INSERT INTO MATRICULAR (ALUMNO, ASIGNATURA, TURNO, CALIFICACION) VALUES
	('27304636', '117', 'A', 4);
INSERT INTO MATRICULAR (ALUMNO, ASIGNATURA, TURNO, CALIFICACION) VALUES
	('11994659', '107', 'B', 1);
INSERT INTO MATRICULAR (ALUMNO, ASIGNATURA, TURNO, CALIFICACION) VALUES
	('26502350', '149', 'A', 3);
INSERT INTO MATRICULAR (ALUMNO, ASIGNATURA, TURNO, CALIFICACION) VALUES
	('19981628', '131', 'A', NULL);
INSERT INTO MATRICULAR (ALUMNO, ASIGNATURA, TURNO, CALIFICACION) VALUES
	('21873318', '134', 'A', NULL);
INSERT INTO MATRICULAR (ALUMNO, ASIGNATURA, TURNO, CALIFICACION) VALUES
	('23424055', '132', 'A', NULL);
INSERT INTO MATRICULAR (ALUMNO, ASIGNATURA, TURNO, CALIFICACION) VALUES
	('21030656', '142', 'B', 1);
INSERT INTO MATRICULAR (ALUMNO, ASIGNATURA, TURNO, CALIFICACION) VALUES
	('24890301', '113', 'A', 4);
INSERT INTO MATRICULAR (ALUMNO, ASIGNATURA, TURNO, CALIFICACION) VALUES
	('20373424', '117', 'B', NULL);
INSERT INTO MATRICULAR (ALUMNO, ASIGNATURA, TURNO, CALIFICACION) VALUES
	('20601474', '135', 'A', NULL);
INSERT INTO MATRICULAR (ALUMNO, ASIGNATURA, TURNO, CALIFICACION) VALUES
	('26564409', '100', 'A', 5);
INSERT INTO MATRICULAR (ALUMNO, ASIGNATURA, TURNO, CALIFICACION) VALUES
	('25019654', '109', 'A', 8);
INSERT INTO MATRICULAR (ALUMNO, ASIGNATURA, TURNO, CALIFICACION) VALUES
	('26502350', '135', 'A', NULL);
INSERT INTO MATRICULAR (ALUMNO, ASIGNATURA, TURNO, CALIFICACION) VALUES
	('16554903', '143', 'A', NULL);
INSERT INTO MATRICULAR (ALUMNO, ASIGNATURA, TURNO, CALIFICACION) VALUES
	('15743644', '119', 'A', 7);
INSERT INTO MATRICULAR (ALUMNO, ASIGNATURA, TURNO, CALIFICACION) VALUES
	('20983550', '123', 'B', 3);
INSERT INTO MATRICULAR (ALUMNO, ASIGNATURA, TURNO, CALIFICACION) VALUES
	('27772698', '111', 'B', 8);
INSERT INTO MATRICULAR (ALUMNO, ASIGNATURA, TURNO, CALIFICACION) VALUES
	('14376842', '132', 'B', NULL);
INSERT INTO MATRICULAR (ALUMNO, ASIGNATURA, TURNO, CALIFICACION) VALUES
	('21873318', '140', 'A', NULL);
INSERT INTO MATRICULAR (ALUMNO, ASIGNATURA, TURNO, CALIFICACION) VALUES
	('19356548', '153', 'B', 1);
INSERT INTO MATRICULAR (ALUMNO, ASIGNATURA, TURNO, CALIFICACION) VALUES
	('13374920', '139', 'B', 1);
INSERT INTO MATRICULAR (ALUMNO, ASIGNATURA, TURNO, CALIFICACION) VALUES
	('11369579', '114', 'B', 9);
INSERT INTO MATRICULAR (ALUMNO, ASIGNATURA, TURNO, CALIFICACION) VALUES
	('33930784', '153', 'A', 4);
INSERT INTO MATRICULAR (ALUMNO, ASIGNATURA, TURNO, CALIFICACION) VALUES
	('19981628', '110', 'B', 4);
INSERT INTO MATRICULAR (ALUMNO, ASIGNATURA, TURNO, CALIFICACION) VALUES
	('19113544', '124', 'A', NULL);
INSERT INTO MATRICULAR (ALUMNO, ASIGNATURA, TURNO, CALIFICACION) VALUES
	('30533220', '122', 'A', NULL);
INSERT INTO MATRICULAR (ALUMNO, ASIGNATURA, TURNO, CALIFICACION) VALUES
	('10513458', '116', 'A', NULL);
INSERT INTO MATRICULAR (ALUMNO, ASIGNATURA, TURNO, CALIFICACION) VALUES
	('25575945', '140', 'B', NULL);
INSERT INTO MATRICULAR (ALUMNO, ASIGNATURA, TURNO, CALIFICACION) VALUES
	('27875881', '102', 'A', NULL);
INSERT INTO MATRICULAR (ALUMNO, ASIGNATURA, TURNO, CALIFICACION) VALUES
	('31635335', '127', 'B', NULL);
INSERT INTO MATRICULAR (ALUMNO, ASIGNATURA, TURNO, CALIFICACION) VALUES
	('15001922', '104', 'B', NULL);
INSERT INTO MATRICULAR (ALUMNO, ASIGNATURA, TURNO, CALIFICACION) VALUES
	('21058321', '149', 'B', NULL);
INSERT INTO MATRICULAR (ALUMNO, ASIGNATURA, TURNO, CALIFICACION) VALUES
	('33380475', '102', 'A', NULL);
INSERT INTO MATRICULAR (ALUMNO, ASIGNATURA, TURNO, CALIFICACION) VALUES
	('30533220', '132', 'A', NULL);
INSERT INTO MATRICULAR (ALUMNO, ASIGNATURA, TURNO, CALIFICACION) VALUES
	('21058321', '124', 'A', NULL);
INSERT INTO MATRICULAR (ALUMNO, ASIGNATURA, TURNO, CALIFICACION) VALUES
	('26438795', '119', 'A', NULL);
INSERT INTO MATRICULAR (ALUMNO, ASIGNATURA, TURNO, CALIFICACION) VALUES
	('25951293', '125', 'B', NULL);
INSERT INTO MATRICULAR (ALUMNO, ASIGNATURA, TURNO, CALIFICACION) VALUES
	('10513458', '151', 'B', NULL);
INSERT INTO MATRICULAR (ALUMNO, ASIGNATURA, TURNO, CALIFICACION) VALUES
	('12307199', '142', 'B', 3);
INSERT INTO MATRICULAR (ALUMNO, ASIGNATURA, TURNO, CALIFICACION) VALUES
	('15449049', '147', 'B', 2);
INSERT INTO MATRICULAR (ALUMNO, ASIGNATURA, TURNO, CALIFICACION) VALUES
	('25982696', '127', 'A', NULL);
INSERT INTO MATRICULAR (ALUMNO, ASIGNATURA, TURNO, CALIFICACION) VALUES
	('20636616', '133', 'B', 2);
INSERT INTO MATRICULAR (ALUMNO, ASIGNATURA, TURNO, CALIFICACION) VALUES
	('16946699', '124', 'A', 6);
INSERT INTO MATRICULAR (ALUMNO, ASIGNATURA, TURNO, CALIFICACION) VALUES
	('20235847', '110', 'A', NULL);
INSERT INTO MATRICULAR (ALUMNO, ASIGNATURA, TURNO, CALIFICACION) VALUES
	('21521897', '105', 'A', NULL);
INSERT INTO MATRICULAR (ALUMNO, ASIGNATURA, TURNO, CALIFICACION) VALUES
	('14355907', '128', 'B', 5);
INSERT INTO MATRICULAR (ALUMNO, ASIGNATURA, TURNO, CALIFICACION) VALUES
	('15943281', '127', 'A', NULL);
INSERT INTO MATRICULAR (ALUMNO, ASIGNATURA, TURNO, CALIFICACION) VALUES
	('34217903', '149', 'A', NULL);
INSERT INTO MATRICULAR (ALUMNO, ASIGNATURA, TURNO, CALIFICACION) VALUES
	('22330164', '155', 'B', 8);
INSERT INTO MATRICULAR (ALUMNO, ASIGNATURA, TURNO, CALIFICACION) VALUES
	('27772698', '107', 'B', NULL);
INSERT INTO MATRICULAR (ALUMNO, ASIGNATURA, TURNO, CALIFICACION) VALUES
	('12294488', '138', 'A', NULL);
INSERT INTO MATRICULAR (ALUMNO, ASIGNATURA, TURNO, CALIFICACION) VALUES
	('10553086', '103', 'B', 9);
INSERT INTO MATRICULAR (ALUMNO, ASIGNATURA, TURNO, CALIFICACION) VALUES
	('33851528', '130', 'B', 1);
INSERT INTO MATRICULAR (ALUMNO, ASIGNATURA, TURNO, CALIFICACION) VALUES
	('21278146', '123', 'B', 3);
INSERT INTO MATRICULAR (ALUMNO, ASIGNATURA, TURNO, CALIFICACION) VALUES
	('19356548', '113', 'A', 3);
INSERT INTO MATRICULAR (ALUMNO, ASIGNATURA, TURNO, CALIFICACION) VALUES
	('19336360', '144', 'B', NULL);
INSERT INTO MATRICULAR (ALUMNO, ASIGNATURA, TURNO, CALIFICACION) VALUES
	('15064729', '117', 'B', 2);
INSERT INTO MATRICULAR (ALUMNO, ASIGNATURA, TURNO, CALIFICACION) VALUES
	('14794808', '147', 'B', NULL);
INSERT INTO MATRICULAR (ALUMNO, ASIGNATURA, TURNO, CALIFICACION) VALUES
	('20187246', '113', 'B', 2);
INSERT INTO MATRICULAR (ALUMNO, ASIGNATURA, TURNO, CALIFICACION) VALUES
	('15943281', '125', 'B', 6);
INSERT INTO MATRICULAR (ALUMNO, ASIGNATURA, TURNO, CALIFICACION) VALUES
	('21521897', '146', 'B', 4);
INSERT INTO MATRICULAR (ALUMNO, ASIGNATURA, TURNO, CALIFICACION) VALUES
	('15449049', '105', 'A', NULL);
INSERT INTO MATRICULAR (ALUMNO, ASIGNATURA, TURNO, CALIFICACION) VALUES
	('10585985', '130', 'B', 2);
INSERT INTO MATRICULAR (ALUMNO, ASIGNATURA, TURNO, CALIFICACION) VALUES
	('11509399', '118', 'A', 5);
INSERT INTO MATRICULAR (ALUMNO, ASIGNATURA, TURNO, CALIFICACION) VALUES
	('19941999', '109', 'A', 1);
INSERT INTO MATRICULAR (ALUMNO, ASIGNATURA, TURNO, CALIFICACION) VALUES
	('25019654', '126', 'B', 5);
INSERT INTO MATRICULAR (ALUMNO, ASIGNATURA, TURNO, CALIFICACION) VALUES
	('12293740', '120', 'B', 3);
INSERT INTO MATRICULAR (ALUMNO, ASIGNATURA, TURNO, CALIFICACION) VALUES
	('21278146', '113', 'B', NULL);
INSERT INTO MATRICULAR (ALUMNO, ASIGNATURA, TURNO, CALIFICACION) VALUES
	('33380475', '132', 'B', 4);
INSERT INTO MATRICULAR (ALUMNO, ASIGNATURA, TURNO, CALIFICACION) VALUES
	('32811472', '138', 'A', 2);
INSERT INTO MATRICULAR (ALUMNO, ASIGNATURA, TURNO, CALIFICACION) VALUES
	('17115680', '151', 'A', 7);
INSERT INTO MATRICULAR (ALUMNO, ASIGNATURA, TURNO, CALIFICACION) VALUES
	('27091540', '108', 'B', NULL);
INSERT INTO MATRICULAR (ALUMNO, ASIGNATURA, TURNO, CALIFICACION) VALUES
	('12067186', '109', 'B', 8);
INSERT INTO MATRICULAR (ALUMNO, ASIGNATURA, TURNO, CALIFICACION) VALUES
	('21592181', '122', 'A', 7);
INSERT INTO MATRICULAR (ALUMNO, ASIGNATURA, TURNO, CALIFICACION) VALUES
	('22096133', '102', 'A', 7);
INSERT INTO MATRICULAR (ALUMNO, ASIGNATURA, TURNO, CALIFICACION) VALUES
	('18363597', '146', 'A', 8);
INSERT INTO MATRICULAR (ALUMNO, ASIGNATURA, TURNO, CALIFICACION) VALUES
	('15317453', '124', 'B', 7);
INSERT INTO MATRICULAR (ALUMNO, ASIGNATURA, TURNO, CALIFICACION) VALUES
	('25017411', '149', 'A', 9);
INSERT INTO MATRICULAR (ALUMNO, ASIGNATURA, TURNO, CALIFICACION) VALUES
	('21030656', '147', 'B', 3);
INSERT INTO MATRICULAR (ALUMNO, ASIGNATURA, TURNO, CALIFICACION) VALUES
	('24890301', '125', 'A', NULL);
INSERT INTO MATRICULAR (ALUMNO, ASIGNATURA, TURNO, CALIFICACION) VALUES
	('24831980', '154', 'A', 9);
INSERT INTO MATRICULAR (ALUMNO, ASIGNATURA, TURNO, CALIFICACION) VALUES
	('32480240', '132', 'A', NULL);
INSERT INTO MATRICULAR (ALUMNO, ASIGNATURA, TURNO, CALIFICACION) VALUES
	('24327281', '117', 'A', NULL);
INSERT INTO MATRICULAR (ALUMNO, ASIGNATURA, TURNO, CALIFICACION) VALUES
	('19336360', '110', 'A', NULL);
INSERT INTO MATRICULAR (ALUMNO, ASIGNATURA, TURNO, CALIFICACION) VALUES
	('21173467', '102', 'B', 3);
INSERT INTO MATRICULAR (ALUMNO, ASIGNATURA, TURNO, CALIFICACION) VALUES
	('27304636', '147', 'A', 6);
INSERT INTO MATRICULAR (ALUMNO, ASIGNATURA, TURNO, CALIFICACION) VALUES
	('31544115', '150', 'B', NULL);
INSERT INTO MATRICULAR (ALUMNO, ASIGNATURA, TURNO, CALIFICACION) VALUES
	('31898526', '150', 'A', NULL);
INSERT INTO MATRICULAR (ALUMNO, ASIGNATURA, TURNO, CALIFICACION) VALUES
	('12747596', '114', 'A', NULL);
INSERT INTO MATRICULAR (ALUMNO, ASIGNATURA, TURNO, CALIFICACION) VALUES
	('12307199', '127', 'A', 4);
INSERT INTO MATRICULAR (ALUMNO, ASIGNATURA, TURNO, CALIFICACION) VALUES
	('12307199', '113', 'B', NULL);
INSERT INTO MATRICULAR (ALUMNO, ASIGNATURA, TURNO, CALIFICACION) VALUES
	('25916898', '142', 'B', 4);
INSERT INTO MATRICULAR (ALUMNO, ASIGNATURA, TURNO, CALIFICACION) VALUES
	('14794808', '107', 'B', 8);
INSERT INTO MATRICULAR (ALUMNO, ASIGNATURA, TURNO, CALIFICACION) VALUES
	('21030656', '120', 'A', NULL);
INSERT INTO MATRICULAR (ALUMNO, ASIGNATURA, TURNO, CALIFICACION) VALUES
	('27386883', '137', 'B', NULL);
INSERT INTO MATRICULAR (ALUMNO, ASIGNATURA, TURNO, CALIFICACION) VALUES
	('21528626', '144', 'B', 4);
INSERT INTO MATRICULAR (ALUMNO, ASIGNATURA, TURNO, CALIFICACION) VALUES
	('26872463', '141', 'B', NULL);
INSERT INTO MATRICULAR (ALUMNO, ASIGNATURA, TURNO, CALIFICACION) VALUES
	('19352809', '105', 'A', 5);
INSERT INTO MATRICULAR (ALUMNO, ASIGNATURA, TURNO, CALIFICACION) VALUES
	('12067186', '152', 'A', NULL);
INSERT INTO MATRICULAR (ALUMNO, ASIGNATURA, TURNO, CALIFICACION) VALUES
	('16554903', '132', 'A', NULL);
INSERT INTO MATRICULAR (ALUMNO, ASIGNATURA, TURNO, CALIFICACION) VALUES
	('12763298', '122', 'B', 4);
INSERT INTO MATRICULAR (ALUMNO, ASIGNATURA, TURNO, CALIFICACION) VALUES
	('31898526', '136', 'A', NULL);
INSERT INTO MATRICULAR (ALUMNO, ASIGNATURA, TURNO, CALIFICACION) VALUES
	('19981628', '142', 'B', NULL);
INSERT INTO MATRICULAR (ALUMNO, ASIGNATURA, TURNO, CALIFICACION) VALUES
	('19241401', '148', 'B', NULL);
INSERT INTO MATRICULAR (ALUMNO, ASIGNATURA, TURNO, CALIFICACION) VALUES
	('21521897', '110', 'A', NULL);
INSERT INTO MATRICULAR (ALUMNO, ASIGNATURA, TURNO, CALIFICACION) VALUES
	('32077975', '154', 'A', 2);
INSERT INTO MATRICULAR (ALUMNO, ASIGNATURA, TURNO, CALIFICACION) VALUES
	('19981628', '129', 'B', NULL);
INSERT INTO MATRICULAR (ALUMNO, ASIGNATURA, TURNO, CALIFICACION) VALUES
	('29178381', '110', 'A', 6);
INSERT INTO MATRICULAR (ALUMNO, ASIGNATURA, TURNO, CALIFICACION) VALUES
	('16946699', '135', 'B', NULL);
INSERT INTO MATRICULAR (ALUMNO, ASIGNATURA, TURNO, CALIFICACION) VALUES
	('24890301', '130', 'B', NULL);
INSERT INTO MATRICULAR (ALUMNO, ASIGNATURA, TURNO, CALIFICACION) VALUES
	('13374920', '146', 'A', 10);
INSERT INTO MATRICULAR (ALUMNO, ASIGNATURA, TURNO, CALIFICACION) VALUES
	('28180197', '124', 'A', 5);
INSERT INTO MATRICULAR (ALUMNO, ASIGNATURA, TURNO, CALIFICACION) VALUES
	('24587481', '119', 'B', 8);
INSERT INTO MATRICULAR (ALUMNO, ASIGNATURA, TURNO, CALIFICACION) VALUES
	('28639287', '108', 'B', NULL);
INSERT INTO MATRICULAR (ALUMNO, ASIGNATURA, TURNO, CALIFICACION) VALUES
	('17689916', '108', 'B', NULL);
INSERT INTO MATRICULAR (ALUMNO, ASIGNATURA, TURNO, CALIFICACION) VALUES
	('27875881', '135', 'A', NULL);
INSERT INTO MATRICULAR (ALUMNO, ASIGNATURA, TURNO, CALIFICACION) VALUES
	('26328135', '135', 'A', 3);
INSERT INTO MATRICULAR (ALUMNO, ASIGNATURA, TURNO, CALIFICACION) VALUES
	('27386883', '120', 'B', 6);
INSERT INTO MATRICULAR (ALUMNO, ASIGNATURA, TURNO, CALIFICACION) VALUES
	('21528626', '129', 'A', NULL);
INSERT INTO MATRICULAR (ALUMNO, ASIGNATURA, TURNO, CALIFICACION) VALUES
	('21173467', '120', 'A', NULL);
INSERT INTO MATRICULAR (ALUMNO, ASIGNATURA, TURNO, CALIFICACION) VALUES
	('25575945', '103', 'A', NULL);
INSERT INTO MATRICULAR (ALUMNO, ASIGNATURA, TURNO, CALIFICACION) VALUES
	('33930784', '113', 'B', 9);
INSERT INTO MATRICULAR (ALUMNO, ASIGNATURA, TURNO, CALIFICACION) VALUES
	('20235847', '102', 'B', 5);
INSERT INTO MATRICULAR (ALUMNO, ASIGNATURA, TURNO, CALIFICACION) VALUES
	('21873318', '130', 'B', NULL);
INSERT INTO MATRICULAR (ALUMNO, ASIGNATURA, TURNO, CALIFICACION) VALUES
	('30426298', '110', 'B', NULL);
INSERT INTO MATRICULAR (ALUMNO, ASIGNATURA, TURNO, CALIFICACION) VALUES
	('25951293', '153', 'B', NULL);
INSERT INTO MATRICULAR (ALUMNO, ASIGNATURA, TURNO, CALIFICACION) VALUES
	('21030656', '132', 'B', 9);
INSERT INTO MATRICULAR (ALUMNO, ASIGNATURA, TURNO, CALIFICACION) VALUES
	('28829203', '154', 'B', 1);
INSERT INTO MATRICULAR (ALUMNO, ASIGNATURA, TURNO, CALIFICACION) VALUES
	('21058321', '107', 'B', NULL);
INSERT INTO MATRICULAR (ALUMNO, ASIGNATURA, TURNO, CALIFICACION) VALUES
	('25575945', '121', 'B', 9);
INSERT INTO MATRICULAR (ALUMNO, ASIGNATURA, TURNO, CALIFICACION) VALUES
	('24831980', '121', 'A', NULL);
INSERT INTO MATRICULAR (ALUMNO, ASIGNATURA, TURNO, CALIFICACION) VALUES
	('30222923', '101', 'B', 6);
INSERT INTO MATRICULAR (ALUMNO, ASIGNATURA, TURNO, CALIFICACION) VALUES
	('19981628', '111', 'A', 7);
INSERT INTO MATRICULAR (ALUMNO, ASIGNATURA, TURNO, CALIFICACION) VALUES
	('24923948', '140', 'A', 6);
INSERT INTO MATRICULAR (ALUMNO, ASIGNATURA, TURNO, CALIFICACION) VALUES
	('11369579', '140', 'A', NULL);
INSERT INTO MATRICULAR (ALUMNO, ASIGNATURA, TURNO, CALIFICACION) VALUES
	('32480240', '111', 'A', NULL);
INSERT INTO MATRICULAR (ALUMNO, ASIGNATURA, TURNO, CALIFICACION) VALUES
	('26324397', '126', 'B', 7);
INSERT INTO MATRICULAR (ALUMNO, ASIGNATURA, TURNO, CALIFICACION) VALUES
	('16865947', '111', 'A', 6);
INSERT INTO MATRICULAR (ALUMNO, ASIGNATURA, TURNO, CALIFICACION) VALUES
	('32066012', '126', 'A', 10);
INSERT INTO MATRICULAR (ALUMNO, ASIGNATURA, TURNO, CALIFICACION) VALUES
	('17253258', '143', 'A', NULL);
INSERT INTO MATRICULAR (ALUMNO, ASIGNATURA, TURNO, CALIFICACION) VALUES
	('28829203', '129', 'A', NULL);
INSERT INTO MATRICULAR (ALUMNO, ASIGNATURA, TURNO, CALIFICACION) VALUES
	('27772698', '133', 'B', 10);
INSERT INTO MATRICULAR (ALUMNO, ASIGNATURA, TURNO, CALIFICACION) VALUES
	('24831980', '141', 'A', NULL);
INSERT INTO MATRICULAR (ALUMNO, ASIGNATURA, TURNO, CALIFICACION) VALUES
	('20983550', '125', 'A', 5);
INSERT INTO MATRICULAR (ALUMNO, ASIGNATURA, TURNO, CALIFICACION) VALUES
	('17115680', '154', 'B', NULL);
INSERT INTO MATRICULAR (ALUMNO, ASIGNATURA, TURNO, CALIFICACION) VALUES
	('16946699', '151', 'B', 2);
INSERT INTO MATRICULAR (ALUMNO, ASIGNATURA, TURNO, CALIFICACION) VALUES
	('15060991', '130', 'A', 5);
INSERT INTO MATRICULAR (ALUMNO, ASIGNATURA, TURNO, CALIFICACION) VALUES
	('16554903', '154', 'B', NULL);
INSERT INTO MATRICULAR (ALUMNO, ASIGNATURA, TURNO, CALIFICACION) VALUES
	('33350567', '105', 'B', NULL);
INSERT INTO MATRICULAR (ALUMNO, ASIGNATURA, TURNO, CALIFICACION) VALUES
	('21592181', '100', 'A', NULL);
INSERT INTO MATRICULAR (ALUMNO, ASIGNATURA, TURNO, CALIFICACION) VALUES
	('27777932', '123', 'B', 2);
INSERT INTO MATRICULAR (ALUMNO, ASIGNATURA, TURNO, CALIFICACION) VALUES
	('29178381', '140', 'A', NULL);
INSERT INTO MATRICULAR (ALUMNO, ASIGNATURA, TURNO, CALIFICACION) VALUES
	('15001922', '130', 'B', NULL);
INSERT INTO MATRICULAR (ALUMNO, ASIGNATURA, TURNO, CALIFICACION) VALUES
	('26564409', '112', 'A', NULL);
INSERT INTO MATRICULAR (ALUMNO, ASIGNATURA, TURNO, CALIFICACION) VALUES
	('31898526', '153', 'A', 1);
INSERT INTO MATRICULAR (ALUMNO, ASIGNATURA, TURNO, CALIFICACION) VALUES
	('15060991', '120', 'A', NULL);
INSERT INTO MATRICULAR (ALUMNO, ASIGNATURA, TURNO, CALIFICACION) VALUES
	('14883785', '148', 'A', 2);
INSERT INTO MATRICULAR (ALUMNO, ASIGNATURA, TURNO, CALIFICACION) VALUES
	('32066012', '154', 'B', 2);
INSERT INTO MATRICULAR (ALUMNO, ASIGNATURA, TURNO, CALIFICACION) VALUES
	('27897565', '132', 'B', NULL);
INSERT INTO MATRICULAR (ALUMNO, ASIGNATURA, TURNO, CALIFICACION) VALUES
	('14044862', '126', 'B', NULL);
INSERT INTO MATRICULAR (ALUMNO, ASIGNATURA, TURNO, CALIFICACION) VALUES
	('20983550', '110', 'A', 4);
INSERT INTO MATRICULAR (ALUMNO, ASIGNATURA, TURNO, CALIFICACION) VALUES
	('15449049', '122', 'B', NULL);
INSERT INTO MATRICULAR (ALUMNO, ASIGNATURA, TURNO, CALIFICACION) VALUES
	('22096133', '103', 'B', NULL);
INSERT INTO MATRICULAR (ALUMNO, ASIGNATURA, TURNO, CALIFICACION) VALUES
	('17689916', '109', 'A', 4);
INSERT INTO MATRICULAR (ALUMNO, ASIGNATURA, TURNO, CALIFICACION) VALUES
	('20983550', '145', 'A', 1);
INSERT INTO MATRICULAR (ALUMNO, ASIGNATURA, TURNO, CALIFICACION) VALUES
	('27304636', '155', 'A', 1);
INSERT INTO MATRICULAR (ALUMNO, ASIGNATURA, TURNO, CALIFICACION) VALUES
	('15449049', '107', 'B', 3);
INSERT INTO MATRICULAR (ALUMNO, ASIGNATURA, TURNO, CALIFICACION) VALUES
	('31912733', '141', 'A', 3);
INSERT INTO MATRICULAR (ALUMNO, ASIGNATURA, TURNO, CALIFICACION) VALUES
	('15943281', '148', 'A', NULL);
INSERT INTO MATRICULAR (ALUMNO, ASIGNATURA, TURNO, CALIFICACION) VALUES
	('27772698', '111', 'B', NULL);
INSERT INTO MATRICULAR (ALUMNO, ASIGNATURA, TURNO, CALIFICACION) VALUES
	('15743644', '111', 'B', NULL);
INSERT INTO MATRICULAR (ALUMNO, ASIGNATURA, TURNO, CALIFICACION) VALUES
	('15064729', '112', 'B', 6);
INSERT INTO MATRICULAR (ALUMNO, ASIGNATURA, TURNO, CALIFICACION) VALUES
	('19336360', '152', 'A', NULL);
INSERT INTO MATRICULAR (ALUMNO, ASIGNATURA, TURNO, CALIFICACION) VALUES
	('33380475', '105', 'A', NULL);
INSERT INTO MATRICULAR (ALUMNO, ASIGNATURA, TURNO, CALIFICACION) VALUES
	('23424055', '151', 'B', 9);
INSERT INTO MATRICULAR (ALUMNO, ASIGNATURA, TURNO, CALIFICACION) VALUES
	('33851528', '104', 'A', NULL);
INSERT INTO MATRICULAR (ALUMNO, ASIGNATURA, TURNO, CALIFICACION) VALUES
	('11481734', '135', 'A', NULL);
INSERT INTO MATRICULAR (ALUMNO, ASIGNATURA, TURNO, CALIFICACION) VALUES
	('25575945', '153', 'A', 3);
INSERT INTO MATRICULAR (ALUMNO, ASIGNATURA, TURNO, CALIFICACION) VALUES
	('24831980', '145', 'A', NULL);
INSERT INTO MATRICULAR (ALUMNO, ASIGNATURA, TURNO, CALIFICACION) VALUES
	('34816813', '145', 'B', NULL);
INSERT INTO MATRICULAR (ALUMNO, ASIGNATURA, TURNO, CALIFICACION) VALUES
	('27091540', '116', 'B', NULL);
INSERT INTO MATRICULAR (ALUMNO, ASIGNATURA, TURNO, CALIFICACION) VALUES
	('11331446', '149', 'A', NULL);
INSERT INTO MATRICULAR (ALUMNO, ASIGNATURA, TURNO, CALIFICACION) VALUES
	('15060991', '150', 'A', 6);
INSERT INTO MATRICULAR (ALUMNO, ASIGNATURA, TURNO, CALIFICACION) VALUES
	('11369579', '132', 'B', NULL);
INSERT INTO MATRICULAR (ALUMNO, ASIGNATURA, TURNO, CALIFICACION) VALUES
	('32648473', '130', 'B', 4);
INSERT INTO MATRICULAR (ALUMNO, ASIGNATURA, TURNO, CALIFICACION) VALUES
	('32270883', '128', 'B', 9);
INSERT INTO MATRICULAR (ALUMNO, ASIGNATURA, TURNO, CALIFICACION) VALUES
	('19356548', '119', 'A', 5);
INSERT INTO MATRICULAR (ALUMNO, ASIGNATURA, TURNO, CALIFICACION) VALUES
	('34848217', '145', 'B', 2);
INSERT INTO MATRICULAR (ALUMNO, ASIGNATURA, TURNO, CALIFICACION) VALUES
	('21521897', '154', 'A', NULL);
INSERT INTO MATRICULAR (ALUMNO, ASIGNATURA, TURNO, CALIFICACION) VALUES
	('12293740', '126', 'A', 1);
INSERT INTO MATRICULAR (ALUMNO, ASIGNATURA, TURNO, CALIFICACION) VALUES
	('17115680', '101', 'B', NULL);
INSERT INTO MATRICULAR (ALUMNO, ASIGNATURA, TURNO, CALIFICACION) VALUES
	('26872463', '147', 'B', 4);
INSERT INTO MATRICULAR (ALUMNO, ASIGNATURA, TURNO, CALIFICACION) VALUES
	('19981628', '138', 'B', 2);
INSERT INTO MATRICULAR (ALUMNO, ASIGNATURA, TURNO, CALIFICACION) VALUES
	('15064729', '112', 'B', 8);
INSERT INTO MATRICULAR (ALUMNO, ASIGNATURA, TURNO, CALIFICACION) VALUES
	('19113544', '114', 'A', NULL);
INSERT INTO MATRICULAR (ALUMNO, ASIGNATURA, TURNO, CALIFICACION) VALUES
	('19356548', '133', 'B', NULL);
INSERT INTO MATRICULAR (ALUMNO, ASIGNATURA, TURNO, CALIFICACION) VALUES
	('29178381', '102', 'B', NULL);
INSERT INTO MATRICULAR (ALUMNO, ASIGNATURA, TURNO, CALIFICACION) VALUES
	('16554903', '127', 'B', 8);
INSERT INTO MATRICULAR (ALUMNO, ASIGNATURA, TURNO, CALIFICACION) VALUES
	('10585985', '116', 'B', NULL);
INSERT INTO MATRICULAR (ALUMNO, ASIGNATURA, TURNO, CALIFICACION) VALUES
	('21278146', '103', 'B', NULL);
INSERT INTO MATRICULAR (ALUMNO, ASIGNATURA, TURNO, CALIFICACION) VALUES
	('15060991', '110', 'B', 4);
INSERT INTO MATRICULAR (ALUMNO, ASIGNATURA, TURNO, CALIFICACION) VALUES
	('28829203', '101', 'B', NULL);
INSERT INTO MATRICULAR (ALUMNO, ASIGNATURA, TURNO, CALIFICACION) VALUES
	('28639287', '103', 'A', 9);
INSERT INTO MATRICULAR (ALUMNO, ASIGNATURA, TURNO, CALIFICACION) VALUES
	('33350567', '104', 'A', NULL);
INSERT INTO MATRICULAR (ALUMNO, ASIGNATURA, TURNO, CALIFICACION) VALUES
	('34626149', '138', 'B', 8);
INSERT INTO MATRICULAR (ALUMNO, ASIGNATURA, TURNO, CALIFICACION) VALUES
	('17253258', '107', 'B', 1);
INSERT INTO MATRICULAR (ALUMNO, ASIGNATURA, TURNO, CALIFICACION) VALUES
	('14044862', '139', 'B', NULL);
INSERT INTO MATRICULAR (ALUMNO, ASIGNATURA, TURNO, CALIFICACION) VALUES
	('25951293', '148', 'A', 10);
INSERT INTO MATRICULAR (ALUMNO, ASIGNATURA, TURNO, CALIFICACION) VALUES
	('20187246', '110', 'A', 7);
INSERT INTO MATRICULAR (ALUMNO, ASIGNATURA, TURNO, CALIFICACION) VALUES
	('34626149', '119', 'B', NULL);
INSERT INTO MATRICULAR (ALUMNO, ASIGNATURA, TURNO, CALIFICACION) VALUES
	('32270883', '116', 'B', NULL);
INSERT INTO MATRICULAR (ALUMNO, ASIGNATURA, TURNO, CALIFICACION) VALUES
	('12293740', '139', 'B', 4);
INSERT INTO MATRICULAR (ALUMNO, ASIGNATURA, TURNO, CALIFICACION) VALUES
	('17689916', '102', 'A', 4);
INSERT INTO MATRICULAR (ALUMNO, ASIGNATURA, TURNO, CALIFICACION) VALUES
	('17230079', '103', 'B', NULL);
INSERT INTO MATRICULAR (ALUMNO, ASIGNATURA, TURNO, CALIFICACION) VALUES
	('12293740', '118', 'B', 4);
INSERT INTO MATRICULAR (ALUMNO, ASIGNATURA, TURNO, CALIFICACION) VALUES
	('30222923', '128', 'B', 4);
INSERT INTO MATRICULAR (ALUMNO, ASIGNATURA, TURNO, CALIFICACION) VALUES
	('30239372', '149', 'A', NULL);
INSERT INTO MATRICULAR (ALUMNO, ASIGNATURA, TURNO, CALIFICACION) VALUES
	('26564409', '108', 'B', NULL);
INSERT INTO MATRICULAR (ALUMNO, ASIGNATURA, TURNO, CALIFICACION) VALUES
	('32066012', '128', 'B', NULL);
INSERT INTO MATRICULAR (ALUMNO, ASIGNATURA, TURNO, CALIFICACION) VALUES
	('21528626', '125', 'B', 8);
INSERT INTO MATRICULAR (ALUMNO, ASIGNATURA, TURNO, CALIFICACION) VALUES
	('26472442', '118', 'A', NULL);
INSERT INTO MATRICULAR (ALUMNO, ASIGNATURA, TURNO, CALIFICACION) VALUES
	('24254006', '130', 'B', 8);
INSERT INTO MATRICULAR (ALUMNO, ASIGNATURA, TURNO, CALIFICACION) VALUES
	('29614292', '113', 'B', 8);
INSERT INTO MATRICULAR (ALUMNO, ASIGNATURA, TURNO, CALIFICACION) VALUES
	('12747596', '139', 'A', NULL);
INSERT INTO MATRICULAR (ALUMNO, ASIGNATURA, TURNO, CALIFICACION) VALUES
	('30222923', '127', 'A', NULL);
INSERT INTO MATRICULAR (ALUMNO, ASIGNATURA, TURNO, CALIFICACION) VALUES
	('30426298', '153', 'A', 10);
INSERT INTO MATRICULAR (ALUMNO, ASIGNATURA, TURNO, CALIFICACION) VALUES
	('10513458', '118', 'A', 2);
INSERT INTO MATRICULAR (ALUMNO, ASIGNATURA, TURNO, CALIFICACION) VALUES
	('24587481', '147', 'A', NULL);
INSERT INTO MATRICULAR (ALUMNO, ASIGNATURA, TURNO, CALIFICACION) VALUES
	('24327281', '142', 'B', 2);
INSERT INTO MATRICULAR (ALUMNO, ASIGNATURA, TURNO, CALIFICACION) VALUES
	('27777932', '119', 'B', 3);
INSERT INTO MATRICULAR (ALUMNO, ASIGNATURA, TURNO, CALIFICACION) VALUES
	('19336360', '131', 'A', 3);

COMMIT;


--------------------------[ FIN DE LA GENERACION ]--------------------------
